WUCHTVERS_ANZ,MD1_AUSLIEF_MG,MD2_AUSLIEF_MG,EB1_AUSLIEF_MG,EB2_AUSLIEF_MG,PD1_ANLIEF_1_MV,PD1_AUSLIEF_1_MV,OEL_DURCHFLUSS
2,8.92,11.89,9.87,1.69,6.84,7.44,1.53
3,14.23,5.75,2.63,3.91,7.9,9.46,1.44
2,13.1,2.27,2.87,5.73,9.78,12.04,1.34
1,32.61,33.19,27.83,3.87,10.84,10.84,1.31
3,2.35,2.74,1.96,0.57,7.88,7.13,1.4
2,4.26,1.94,2.22,0.17,9.25,10.26,1.43
2,1.88,2.47,1.51,0.28,9.24,9.95,1.35
1,24.48,36.66,32.45,9.11,11.27,11.27,1.3
1,18.84,15.42,14.29,0.88,11.53,11.53,1.19
1,21.49,17.59,15.61,1.59,15.59,15.59,1.27
1,26.03,17.58,13.96,5.05,9.85,9.85,1.27
3,12.12,4.16,2.18,5.42,10.24,9.42,1.38
2,23.18,21.61,14.77,1.12,7.21,8.93,1.49
1,42.41,19.83,16.2,20.09,10.25,10.25,1.19
2,16.38,4.66,4.39,5.07,8.01,9.85,1.39
1,11.67,20.4,18.2,5.69,9.67,9.67,1.26
2,8.39,4.66,2.93,2.33,5.45,10.25,1.6
1,8.54,19.86,17.68,10.54,10.64,10.64,1.27
1,76.57,60.51,54.35,9.54,11.55,11.55,1.22
1,25.51,31.58,29.39,6.37,9.44,9.44,1.41
2,18.92,5.57,2.47,7.21,6.91,9.14,1.52
1,26.3,24.71,20.34,11.48,11.86,11.86,1.36
2,4.02,0.3,1.72,2.17,9.06,10.12,1.58
3,8.0,1.26,2.39,3.3,7.99,9.36,1.28
1,51.04,49.46,42.61,9.63,9.77,9.77,1.24
2,4.39,1.79,1.32,2.53,8.13,9.17,1.34
1,29.2,30.74,26.61,1.66,11.75,11.75,1.26
1,30.35,36.86,31.19,3.47,8.72,8.72,1.3
1,44.6,25.4,24.98,17.08,9.73,9.73,1.47
1,20.41,8.02,7.81,10.33,10.97,10.97,1.18
2,19.36,4.29,4.2,5.9,7.59,10.16,1.52
1,45.68,47.04,40.13,2.97,10.78,10.78,1.55
3,6.92,2.09,2.56,1.88,7.57,9.17,1.67
1,27.68,6.07,7.5,10.76,13.64,13.64,1.34
2,6.95,1.42,1.38,5.13,8.63,10.15,1.39
1,27.66,31.07,29.16,3.56,10.0,10.0,1.44
1,47.1,16.28,21.01,15.98,11.31,11.31,1.22
1,25.69,16.92,8.14,4.86,11.03,11.03,1.34
2,8.95,2.14,1.15,2.47,8.87,9.42,1.56
3,12.61,18.1,12.37,4.35,6.43,8.44,1.48
1,50.71,34.42,27.56,9.25,12.39,12.39,1.33
1,43.19,34.36,26.35,13.8,10.16,10.16,1.25
1,23.57,22.99,30.47,4.95,10.53,10.53,1.58
2,7.22,2.92,1.67,1.98,8.91,9.74,1.61
1,61.9,52.87,44.48,5.98,10.17,10.17,1.27
1,59.16,43.85,52.38,7.89,12.56,12.56,1.53
3,8.06,8.44,5.67,1.24,9.09,10.03,1.43
2,30.17,17.02,14.53,7.08,6.77,9.05,1.42
4,4.51,3.38,0.7,1.11,8.74,10.58,1.42
1,32.24,34.84,29.48,11.66,9.81,9.81,1.44
1,34.46,25.78,20.21,7.05,11.33,11.33,1.26
1,9.05,9.68,9.47,9.03,11.95,11.95,1.43
2,19.74,15.23,12.52,2.88,7.38,8.52,1.32
2,18.9,5.35,5.73,7.35,10.0,12.92,1.34
1,34.49,34.78,30.79,1.12,11.34,11.34,1.3
1,39.26,19.9,13.47,9.92,10.87,10.87,1.34
2,21.0,5.75,5.54,9.46,9.48,10.8,1.29
1,14.83,25.37,23.24,9.56,12.31,12.31,1.25
2,9.58,3.89,3.75,3.0,9.78,11.72,1.46
2,17.61,0.3,0.86,9.83,8.91,10.12,1.32
2,30.99,14.19,9.98,10.55,8.04,11.63,1.36
3,17.77,1.93,0.94,6.52,7.16,8.82,1.36
3,9.91,5.26,1.26,2.56,9.29,9.25,1.43
1,45.73,30.28,14.31,9.4,10.23,10.23,1.33
3,6.75,6.3,3.53,3.28,7.99,10.23,1.54
1,58.94,47.8,36.78,7.36,11.89,11.89,1.56
2,20.89,6.0,4.03,8.67,4.83,6.7,1.28
2,17.19,4.19,4.32,5.56,4.77,8.4,1.37
3,12.38,2.12,2.23,5.07,7.73,10.6,1.46
2,14.54,9.64,8.22,2.07,8.54,11.41,1.3
4,8.02,3.03,1.42,2.14,6.43,9.01,1.65
1,37.49,18.41,15.17,11.05,10.85,10.85,1.39
2,22.56,9.87,8.13,6.45,7.6,10.52,1.38
1,28.85,12.7,20.5,10.17,11.53,11.53,1.2
1,25.67,32.49,28.97,9.49,8.68,8.68,1.28
2,21.65,10.12,8.5,5.95,7.34,10.24,1.36
2,6.05,6.0,4.74,3.01,8.77,10.13,1.31
2,11.1,5.83,5.55,2.5,10.13,11.8,1.43
4,5.6,5.49,4.21,0.34,10.07,10.82,1.31
3,19.2,9.95,5.05,3.74,8.75,10.34,1.41
2,5.45,1.8,1.13,1.83,5.1,6.47,1.51
1,23.43,32.3,28.65,10.14,10.2,10.2,1.31
2,12.42,7.17,5.64,2.67,8.6,11.09,1.39
1,35.72,27.65,22.93,5.44,10.73,10.73,1.37
2,20.28,2.92,2.54,10.09,8.36,10.94,1.44
1,38.73,29.11,24.31,8.34,9.19,9.19,1.25
1,5.13,19.34,19.48,13.54,11.55,11.55,1.3
2,21.37,13.33,13.59,4.41,9.25,9.69,1.59
1,24.93,21.88,32.67,1.95,8.88,8.88,1.59
2,8.84,7.02,20.67,8.12,9.0,9.83,1.62
1,35.86,34.55,29.37,5.48,10.04,10.04,1.3
4,19.63,9.12,8.93,6.38,8.03,9.73,1.38
2,17.41,4.33,3.53,5.14,9.24,10.17,1.44
1,56.25,41.01,32.59,23.65,11.17,11.17,1.34
2,12.29,4.37,3.92,3.31,7.45,9.96,1.57
1,38.86,39.33,33.52,13.22,11.3,11.3,1.29
1,47.04,33.88,29.22,8.15,12.28,12.28,1.21
3,9.85,3.15,1.2,3.37,7.0,9.62,1.47
3,16.37,5.52,3.87,4.74,6.3,9.89,1.59
1,12.07,12.87,11.12,6.16,9.18,9.18,1.33
2,29.53,9.73,8.49,11.06,5.64,9.27,1.23
1,22.44,10.13,7.41,11.37,10.41,10.41,1.28
2,9.79,2.86,2.99,1.93,9.19,11.49,1.43
1,36.87,24.53,19.56,14.21,8.77,8.77,1.34
1,37.39,23.72,18.29,9.58,10.44,10.44,1.28
3,10.49,4.25,1.06,3.38,7.99,9.3,1.6
2,29.17,14.37,12.47,7.7,8.95,9.63,1.34
2,31.94,12.45,12.09,10.89,8.22,9.29,1.45
2,21.51,13.58,26.94,6.86,7.36,9.63,1.6
2,24.91,16.23,20.89,8.3,7.41,10.91,1.61
1,22.96,30.45,53.42,7.7,9.67,9.67,1.62
2,16.21,5.69,2.36,5.53,8.83,9.56,1.57
1,40.31,29.01,30.75,7.73,8.97,8.97,1.57
3,12.62,2.75,2.95,4.72,6.32,8.96,1.28
2,24.26,3.29,1.79,11.33,8.65,8.99,1.28
2,6.44,2.0,2.32,1.87,10.39,10.66,1.28
2,20.3,9.17,8.0,6.28,9.62,11.2,1.35
1,10.79,4.26,2.25,3.9,8.04,8.04,1.23
3,7.76,2.78,2.97,1.98,6.66,8.36,1.46
1,62.87,50.3,41.25,15.41,12.5,12.5,1.16
4,6.12,1.2,1.6,3.3,9.41,10.92,1.37
2,12.13,4.54,4.32,3.8,9.05,11.79,1.38
3,17.12,10.29,5.68,3.27,8.26,8.91,1.6
2,12.46,6.07,5.72,4.04,9.4,12.29,1.24
1,51.53,23.99,20.64,18.23,11.26,11.26,1.22
1,40.98,29.94,26.4,10.36,11.13,11.13,1.23
1,37.12,23.06,18.91,9.49,10.59,10.59,1.19
3,9.2,1.97,1.5,2.79,7.86,9.56,1.42
2,3.79,4.24,3.72,0.9,9.51,11.1,1.26
3,8.53,1.93,1.33,3.29,9.42,10.04,1.24
1,48.75,45.41,52.56,6.73,10.57,10.57,1.62
3,17.49,2.28,2.74,8.26,8.41,9.96,1.27
3,8.07,3.03,0.78,3.16,7.54,8.36,1.53
2,16.51,2.74,0.74,7.85,9.84,12.74,1.44
2,18.65,10.35,16.36,6.04,8.24,9.54,1.45
3,11.69,2.27,2.71,2.9,5.53,9.22,1.53
1,51.61,37.35,30.09,11.3,9.57,9.57,1.17
2,26.77,9.01,6.78,9.72,7.3,10.47,1.34
2,3.93,4.38,3.21,0.28,10.05,10.92,1.32
2,12.34,4.81,3.2,4.59,8.99,10.62,1.37
1,51.15,55.59,50.94,3.82,11.71,11.71,1.24
3,9.95,4.08,2.12,2.52,6.73,8.79,1.47
2,21.3,9.03,6.05,7.89,7.76,10.41,1.31
2,11.98,7.83,4.7,2.58,8.19,9.45,1.41
2,5.23,1.11,0.5,1.81,7.75,8.63,1.56
2,3.79,3.95,3.75,2.15,7.81,8.74,1.39
1,67.21,77.15,80.54,15.56,10.22,10.22,1.3
1,31.88,27.22,24.42,2.1,11.02,11.02,1.27
3,11.53,1.63,1.94,5.56,7.97,9.22,1.39
1,33.78,37.04,33.07,3.21,9.39,9.39,1.28
2,27.28,11.78,9.52,8.48,9.69,11.85,1.37
1,38.07,26.38,21.06,9.25,10.91,10.91,1.3
2,16.46,3.73,3.78,6.24,6.77,8.65,1.34
1,39.96,26.65,20.64,14.08,9.81,9.81,1.3
1,62.36,51.99,43.71,15.0,10.51,10.51,1.3
3,13.74,12.06,14.12,0.35,6.76,8.99,1.32
5,9.45,5.84,4.49,1.28,5.79,9.09,1.35
1,31.77,24.34,16.27,7.25,10.46,10.46,1.34
2,9.63,2.95,2.71,2.58,8.33,10.99,1.43
2,10.73,2.49,2.67,4.12,10.04,10.89,1.31
1,32.82,10.45,5.41,11.64,9.73,9.73,1.35
2,5.9,3.15,2.89,3.74,8.04,9.59,1.28
3,2.05,0.87,0.76,1.17,8.26,9.9,1.37
2,12.16,4.49,3.18,3.72,8.8,10.21,1.39
2,12.72,6.94,7.31,3.28,9.0,9.64,1.38
2,33.81,17.2,15.05,8.26,6.12,10.74,1.31
3,11.2,7.53,5.25,0.23,7.63,9.14,1.37
2,1.28,2.93,1.06,1.28,6.87,9.07,1.47
1,57.33,45.8,30.47,6.22,10.01,10.01,1.34
1,18.11,5.23,5.44,10.25,9.12,9.12,1.26
3,10.22,4.52,2.06,3.1,7.12,9.34,1.37
2,26.14,11.16,19.39,14.14,6.39,10.48,1.52
3,4.63,2.09,1.65,1.86,8.93,9.1,1.35
1,54.21,32.24,18.75,8.05,9.5,9.5,1.33
3,6.87,5.23,2.2,1.42,7.0,9.15,1.51
1,61.91,61.84,58.96,19.38,8.39,8.39,1.32
5,9.21,11.04,7.41,0.83,5.69,8.65,1.42
4,7.83,2.18,1.31,2.17,6.86,8.78,1.58
2,7.91,13.59,8.68,5.74,7.04,9.27,1.38
1,20.22,2.71,4.09,12.87,10.92,10.92,1.26
1,24.69,16.34,14.06,4.45,11.24,11.24,1.26
2,12.81,5.14,3.93,3.73,7.89,8.84,1.34
2,6.09,1.13,1.72,3.15,8.0,10.04,1.43
1,39.69,27.45,18.23,6.8,15.82,15.82,1.37
5,8.18,9.48,9.49,1.93,7.71,10.15,1.3
2,21.97,8.95,5.67,6.21,8.86,9.87,1.34
1,36.07,35.34,31.78,1.37,11.71,11.71,1.32
1,31.84,26.05,23.22,6.68,9.89,9.89,1.22
1,54.75,51.86,42.87,7.62,10.37,10.37,1.28
2,32.66,6.7,2.6,15.41,5.61,8.32,1.38
2,13.28,7.35,4.11,2.54,7.18,9.36,1.47
1,70.89,63.78,42.07,8.12,11.71,11.71,1.31
3,0.91,3.03,2.09,1.5,7.59,9.39,1.55
1,44.17,41.21,35.5,8.25,9.86,9.86,1.31
1,12.15,18.73,18.07,14.11,10.51,10.51,1.37
3,6.07,1.02,0.5,3.04,8.1,8.87,1.36
1,43.28,26.86,21.14,17.59,10.97,10.97,1.25
1,56.81,58.62,49.33,11.67,11.15,11.15,1.25
2,20.53,3.94,2.33,9.17,8.99,10.62,1.28
2,28.19,5.54,3.37,6.53,8.35,9.99,1.42
2,14.66,7.83,5.03,2.05,8.49,9.32,1.56
2,20.4,2.51,0.92,8.49,8.53,9.51,1.53
5,18.01,15.48,23.11,1.06,4.87,8.55,1.52
3,12.05,4.89,2.03,3.98,8.04,10.06,1.44
1,36.57,42.18,27.16,19.63,11.02,11.02,1.33
1,47.66,24.62,21.09,13.12,10.53,10.53,1.22
2,7.08,7.23,4.24,0.73,8.97,8.87,1.44
1,70.16,44.26,57.27,23.04,11.76,11.76,1.41
2,9.05,6.29,18.3,6.26,8.23,10.78,1.58
2,18.39,5.91,2.36,4.81,7.42,8.23,1.47
2,30.34,18.4,12.96,8.81,6.24,8.28,1.56
2,8.32,7.18,8.04,1.38,8.8,9.8,1.36
1,21.6,12.87,7.75,11.64,9.59,9.59,1.49
2,13.79,4.29,3.42,4.88,9.07,11.6,1.22
2,11.72,5.07,5.41,4.47,7.7,9.78,1.33
2,29.15,25.32,18.54,2.04,8.97,10.26,1.34
1,9.37,21.1,19.32,7.38,11.24,11.24,1.36
1,25.68,22.7,18.84,6.97,7.98,7.98,1.36
1,38.71,43.29,38.38,9.48,10.32,10.32,1.12
2,6.93,2.17,2.12,1.95,8.45,11.11,1.42
1,57.12,49.98,35.73,8.92,10.28,10.28,1.42
1,59.84,31.55,24.13,15.41,9.37,9.37,1.4
1,37.94,25.21,19.03,10.65,11.09,11.09,1.24
2,22.15,12.1,9.83,5.4,7.79,11.55,1.38
1,47.55,42.02,27.77,8.7,9.59,9.59,1.35
5,3.02,1.14,0.55,0.65,7.84,8.9,1.4
1,33.54,20.83,22.36,10.51,11.23,11.23,1.32
1,46.92,20.91,14.65,20.89,9.11,9.11,1.28
2,17.87,7.69,12.35,7.89,6.9,10.21,1.45
1,32.71,14.86,11.25,10.74,10.48,10.48,1.35
1,48.14,34.76,27.94,14.37,11.45,11.45,1.24
2,4.74,3.25,1.33,0.76,7.17,9.14,1.36
2,38.02,11.8,10.61,16.05,8.42,11.77,1.32
1,68.71,55.79,37.97,3.56,11.04,11.04,1.4
2,23.64,12.39,10.04,6.19,7.36,10.2,1.41
1,22.67,21.23,18.8,20.06,11.34,11.34,1.43
1,24.55,20.59,12.74,5.12,9.87,9.87,1.3
3,25.1,6.76,4.88,5.4,7.41,8.92,1.51
1,48.53,46.23,31.24,8.42,10.57,10.57,1.49
1,28.39,32.47,23.7,4.85,10.34,10.34,1.31
2,7.77,3.15,2.0,3.29,7.97,10.43,1.41
1,40.76,28.23,28.43,5.46,8.38,8.38,1.3
3,13.22,7.26,3.97,2.38,7.95,10.56,1.36
2,22.96,6.49,5.68,9.13,9.59,11.39,1.4
1,72.99,88.29,66.08,4.86,8.7,8.7,1.3
1,45.26,18.79,13.81,16.39,9.43,9.43,1.51
4,4.04,4.13,4.04,2.0,7.41,10.57,1.27
2,7.91,1.57,1.89,2.65,9.69,11.24,1.32
1,31.46,22.5,18.43,7.01,17.71,17.71,1.25
1,23.54,19.61,17.15,1.68,10.05,10.05,1.17
1,21.6,20.05,13.32,3.57,11.34,11.34,1.35
1,39.92,36.65,26.48,5.32,9.98,9.98,1.39
1,24.5,22.12,17.82,5.8,14.09,14.09,1.28
2,8.56,3.87,2.24,3.41,7.77,8.93,1.44
1,44.46,24.53,36.37,9.02,13.86,13.86,1.27
5,9.83,5.56,1.28,2.57,8.8,9.59,1.55
1,46.51,29.59,26.14,11.92,9.57,9.57,1.45
1,36.92,34.74,43.6,9.14,8.93,8.93,1.54
1,25.77,11.11,8.74,7.05,9.93,9.93,1.31
2,27.47,5.54,4.37,12.48,9.47,9.83,1.29
1,38.51,40.83,33.58,4.58,10.47,10.47,1.25
2,8.24,8.58,7.51,7.33,9.91,10.94,0.6
5,25.58,21.23,22.62,1.88,8.03,9.9,1.46
1,39.88,37.85,31.69,4.72,11.2,11.2,1.37
2,12.12,6.87,2.05,1.29,8.43,10.81,1.5
2,28.76,11.67,9.44,9.16,9.19,10.21,1.31
3,61.56,21.04,8.47,19.84,7.79,10.4,1.43
2,23.0,8.54,8.54,8.17,9.11,9.38,1.35
1,22.61,16.12,35.66,22.88,9.71,9.71,1.54
1,58.87,33.31,20.26,20.13,9.47,9.47,1.44
1,23.76,18.53,17.7,4.31,10.3,10.3,1.53
2,22.37,12.47,12.64,6.63,8.03,9.27,1.53
2,13.1,8.18,16.64,12.68,8.45,11.28,1.39
1,82.32,58.81,40.17,9.34,10.76,10.76,1.41
3,8.24,5.0,5.73,1.63,7.41,8.87,1.46
4,5.33,1.13,1.7,1.61,7.29,11.09,1.34
2,22.71,7.04,6.59,8.28,7.66,9.66,1.3
3,4.96,1.5,0.27,2.07,7.91,8.62,1.33
3,18.34,7.27,7.84,6.66,6.5,9.14,1.35
4,5.62,1.96,0.53,2.01,8.63,8.05,1.43
2,18.27,9.8,8.33,4.14,9.93,10.27,1.31
2,33.25,15.35,12.17,10.01,7.68,10.49,1.32
3,21.08,8.15,7.57,7.57,5.71,8.87,1.32
2,4.59,4.55,4.2,0.72,7.12,9.73,1.31
1,62.09,53.29,39.15,3.05,9.37,9.37,1.37
3,7.89,4.18,3.82,1.35,8.0,9.91,1.3
2,26.75,11.13,9.36,7.3,7.15,9.07,1.35
2,26.28,4.65,4.48,12.34,7.36,8.88,1.36
1,16.39,22.01,20.44,5.11,11.84,11.84,1.29
1,16.83,13.19,12.65,5.09,10.77,10.77,1.32
2,29.39,17.32,15.48,6.3,9.84,10.86,1.27
3,24.21,10.41,9.2,7.83,6.17,8.34,1.33
1,56.05,51.17,43.67,9.65,12.19,12.19,1.3
2,35.12,14.75,12.22,10.62,6.34,9.72,1.37
2,30.72,16.26,13.87,8.25,8.8,10.12,1.35
2,15.85,6.46,5.72,4.53,9.15,10.22,1.42
2,24.1,9.24,7.59,8.37,9.74,11.27,1.38
1,30.5,12.35,10.48,10.96,11.12,11.12,1.33
1,6.28,8.43,5.33,1.56,10.49,10.49,1.38
1,38.45,22.2,16.14,18.14,12.53,12.53,1.24
2,31.94,14.74,9.96,6.21,7.83,9.79,1.43
2,14.46,5.37,8.32,6.14,6.67,8.48,1.47
2,25.48,15.97,21.98,10.28,7.12,10.51,1.53
1,38.7,31.02,36.4,10.44,9.21,9.21,1.53
2,12.51,6.33,8.6,6.07,9.25,10.06,1.46
2,20.37,18.9,21.8,2.12,7.64,9.32,1.63
2,19.32,10.01,8.68,9.39,7.4,8.65,1.54
2,9.13,8.82,12.24,2.64,6.64,9.28,1.38
3,89.53,3.48,83.25,85.7,2.49,7.47,1.68
5,13.2,10.47,13.25,1.42,6.57,8.96,1.53
2,11.98,9.17,14.28,5.43,7.68,9.45,1.63
1,37.7,20.96,11.87,13.47,9.33,9.33,1.49
2,33.73,21.7,28.41,11.62,5.78,9.48,1.56
1,51.35,44.91,33.62,6.67,10.24,10.24,1.31
5,21.07,15.56,9.28,0.35,6.9,10.54,1.5
2,11.05,1.7,2.33,4.76,8.94,11.14,1.35
1,13.89,8.16,14.13,1.84,10.24,10.24,1.28
1,30.89,18.24,32.12,7.43,14.02,14.02,1.31
2,8.8,3.29,2.31,3.43,9.73,10.46,1.37
1,11.38,3.74,4.82,4.58,12.0,12.0,1.29
1,11.32,14.55,28.13,6.19,10.84,10.84,1.23
1,50.33,24.12,35.94,13.96,11.71,11.71,1.31
1,25.14,6.89,15.75,13.61,10.22,10.22,1.21
2,1.51,2.82,5.05,1.62,9.66,10.79,1.35
1,28.9,20.47,37.82,8.71,10.1,10.1,1.23
1,16.94,1.8,4.3,10.2,11.12,11.12,1.27
3,2.0,1.99,1.46,1.87,8.66,10.12,1.27
2,6.67,2.26,5.07,5.48,9.31,10.71,1.35
2,11.65,5.33,5.56,4.28,9.01,10.85,1.26
2,21.2,5.82,9.15,7.32,9.98,12.07,1.42
2,16.34,3.17,4.62,6.65,8.96,10.66,1.25
2,19.15,6.65,9.21,7.04,8.4,11.05,1.34
1,41.19,15.94,22.03,15.12,10.42,10.42,1.33
1,40.47,20.15,31.78,9.2,10.95,10.95,1.18
2,7.57,2.7,8.79,1.54,9.0,11.03,1.32
1,18.32,13.16,22.06,6.97,11.26,11.26,1.26
2,1.25,2.23,5.59,2.27,7.83,10.53,1.33
1,56.39,17.25,25.45,20.74,11.82,11.82,1.32
1,25.92,8.52,17.0,7.84,11.61,11.61,1.24
2,6.17,3.6,5.23,1.46,9.66,10.44,1.4
2,11.35,2.29,2.1,6.04,9.66,10.94,1.29
1,50.11,19.27,28.17,16.58,10.64,10.64,1.22
2,30.3,10.27,15.73,10.11,9.01,10.84,1.26
1,29.41,16.01,30.33,8.55,11.41,11.41,1.26
1,37.53,4.62,3.25,19.56,12.15,12.15,1.23
2,5.04,1.9,3.46,1.24,9.17,10.0,1.4
1,40.66,20.0,35.92,8.22,11.06,11.06,1.3
3,4.29,1.94,0.25,2.27,9.07,10.29,1.36
2,6.23,1.98,0.88,3.28,9.05,10.13,1.2
3,8.05,1.93,0.73,3.85,7.72,10.03,1.3
2,12.52,6.17,9.08,4.33,9.78,10.15,1.19
1,20.81,16.33,27.43,5.12,10.05,10.05,1.31
1,15.19,5.25,12.17,9.77,12.26,12.26,1.24
1,67.98,40.59,30.05,16.02,11.08,11.08,1.26
1,29.74,5.05,14.82,18.31,14.59,14.59,1.29
5,4.08,2.05,0.42,1.07,6.66,10.14,1.42
1,7.33,5.27,11.66,1.89,10.05,10.05,1.21
1,36.51,23.94,41.01,4.92,14.93,14.93,1.2
2,11.73,3.23,5.47,3.63,8.72,10.45,1.3
1,60.24,28.23,42.28,19.01,11.05,11.05,1.2
2,12.58,4.83,2.26,6.42,9.25,10.07,1.36
2,2.88,2.6,4.67,2.85,9.28,10.53,1.38
2,14.58,3.05,2.26,6.77,7.73,10.31,1.3
1,34.56,18.53,33.43,10.72,10.56,10.56,1.22
1,32.67,15.51,24.66,8.29,10.61,10.61,1.28
2,14.97,3.46,5.7,5.04,8.9,10.03,1.32
1,42.37,12.57,16.95,17.76,12.02,12.02,1.25
1,53.49,23.44,38.25,18.79,10.12,10.12,1.32
1,41.58,21.29,36.71,8.37,11.12,11.12,1.28
2,16.97,2.95,4.04,6.57,8.04,10.74,1.38
1,78.41,69.48,51.15,8.01,12.98,12.98,1.23
2,3.73,4.95,6.34,1.17,9.07,10.06,1.36
3,43.81,8.11,7.16,11.16,5.62,11.08,1.28
1,19.47,13.99,23.55,11.19,11.7,11.7,1.26
1,75.38,33.33,28.16,10.21,10.43,10.43,1.33
1,25.61,25.47,19.77,8.9,10.04,10.04,1.31
1,39.2,16.92,27.19,11.23,10.37,10.37,1.27
1,55.71,27.0,20.57,5.59,10.82,10.82,1.29
2,4.07,3.59,3.72,0.83,9.34,10.82,1.33
1,53.92,28.26,49.01,16.62,10.99,10.99,1.21
1,16.85,8.2,16.48,8.27,10.91,10.91,1.23
2,16.21,6.31,7.87,5.13,9.22,10.27,1.27
1,54.01,27.84,16.33,8.17,11.86,11.86,1.19
3,0.88,0.85,3.59,1.61,9.6,10.03,1.28
1,48.11,30.24,48.83,11.64,13.9,13.9,1.22
2,23.79,1.02,4.45,10.92,7.35,10.46,1.38
1,12.96,19.11,32.87,8.11,10.58,10.58,1.22
2,27.02,8.0,11.47,8.28,9.6,13.35,1.3
1,53.59,39.58,60.75,6.83,11.69,11.69,1.25
2,9.33,3.23,6.63,3.79,9.16,10.42,1.4
4,21.05,5.34,3.48,4.22,8.1,10.68,1.35
1,23.33,6.55,8.11,9.32,12.31,12.31,1.36
1,60.3,21.22,27.22,22.31,11.55,11.55,1.28
1,39.79,19.49,30.66,10.08,10.92,10.92,1.4
1,50.02,29.37,51.65,10.39,19.89,19.89,1.26
1,44.78,23.53,35.36,10.83,11.55,11.55,1.31
1,42.09,13.91,22.06,17.35,11.27,11.27,1.26
1,49.93,20.15,31.26,14.89,10.7,10.7,1.25
4,14.6,5.88,0.36,4.48,7.12,10.13,1.41
1,59.96,27.15,45.97,17.8,10.26,10.26,1.23
1,39.98,22.36,33.94,9.41,10.7,10.7,1.24
2,17.75,7.33,11.33,5.92,9.99,10.77,1.4
2,16.02,7.0,13.36,4.88,7.51,10.37,1.36
2,13.1,6.86,15.78,4.3,9.91,10.26,1.3
2,14.84,6.87,10.61,7.08,9.63,11.54,1.24
4,6.77,2.5,2.22,2.37,8.06,10.81,1.34
1,6.44,8.91,20.86,8.98,11.67,11.67,1.26
5,7.58,1.8,0.49,2.41,7.41,10.22,1.32
1,114.02,76.19,49.43,8.28,10.23,10.23,1.19
2,42.75,21.59,10.94,6.55,8.84,10.81,1.24
3,29.24,14.29,6.36,5.98,8.87,10.22,1.31
1,91.45,58.29,43.38,4.76,10.58,10.58,1.33
3,9.22,7.14,1.79,2.32,8.73,10.63,1.34
1,109.64,75.15,55.69,2.64,18.12,18.12,1.26
2,63.58,26.72,18.7,8.24,9.87,11.99,1.28
3,5.03,0.81,1.25,2.38,8.95,10.25,1.35
1,22.4,17.27,33.01,5.58,11.3,11.3,1.2
1,50.56,20.17,27.7,18.02,10.22,10.22,1.3
1,61.28,49.37,35.93,5.84,10.85,10.85,1.25
1,28.42,12.28,20.86,6.92,11.3,11.3,1.23
1,30.78,10.05,15.01,12.44,10.76,10.76,1.26
2,14.24,6.04,14.08,3.8,8.6,10.29,1.32
1,53.44,19.31,28.14,21.45,10.55,10.55,1.24
2,9.06,3.6,3.84,3.93,9.51,10.97,1.33
1,58.02,31.68,47.7,16.97,12.2,12.2,1.24
3,41.33,13.7,4.86,10.91,7.44,10.12,1.32
1,69.66,28.5,17.58,14.29,12.59,12.59,1.32
1,49.51,19.25,26.04,17.78,12.7,12.7,1.27
2,3.87,3.12,6.31,2.08,9.73,11.42,1.32
3,0.47,2.12,4.24,1.25,9.96,10.15,1.21
2,8.99,4.03,6.13,1.97,9.86,10.8,1.3
2,16.49,6.15,7.91,5.87,8.71,10.15,1.27
1,55.53,41.66,71.05,10.23,10.07,10.07,1.26
2,14.77,4.1,9.62,5.15,8.59,10.23,1.28
2,12.82,4.05,3.97,5.51,8.78,10.48,1.28
2,23.79,5.89,6.96,7.49,8.47,10.01,1.24
2,12.42,3.82,3.82,5.06,8.62,10.07,1.31
1,49.18,20.24,28.8,17.32,10.2,10.2,1.19
4,3.91,3.16,0.32,1.95,7.44,10.14,1.31
1,21.14,2.72,7.23,11.38,10.7,10.7,1.23
1,50.28,24.08,40.81,11.95,10.11,10.11,1.26
2,16.1,5.59,7.13,5.93,7.48,10.25,1.29
1,28.21,22.86,42.93,3.73,13.16,13.16,1.23
2,16.61,7.9,10.3,6.13,7.46,10.66,1.27
1,49.74,22.4,34.71,15.6,10.22,10.22,1.28
3,4.57,1.82,0.8,2.12,8.45,10.23,1.28
2,22.22,3.69,4.42,10.37,8.92,11.24,1.33
1,48.31,27.79,46.02,10.52,10.24,10.24,1.28
1,52.21,23.0,33.85,16.04,10.81,10.81,1.28
1,28.67,7.37,7.67,12.78,10.87,10.87,1.26
1,28.06,18.06,32.33,8.4,12.48,12.48,1.28
1,36.28,14.42,20.24,11.66,11.4,11.4,1.22
3,12.09,9.92,13.49,0.69,8.9,10.09,1.31
2,7.9,2.18,4.3,4.11,8.95,10.22,1.32
1,43.76,37.37,68.1,7.77,11.36,11.36,1.22
1,20.54,6.79,11.41,6.8,10.51,10.51,1.34
2,13.23,2.29,0.36,6.78,7.41,10.23,1.36
2,4.85,6.42,7.32,1.13,8.2,11.23,1.2
2,8.76,2.65,4.71,6.38,9.56,11.16,1.25
2,7.27,3.0,6.51,2.5,7.12,10.21,1.41
4,5.29,1.21,0.5,2.83,8.97,10.47,1.33
1,32.97,13.56,20.86,10.28,11.84,11.84,1.28
2,13.19,4.38,1.57,7.63,9.83,10.68,1.25
2,6.37,2.14,5.28,4.68,9.78,11.3,1.33
2,10.45,4.49,4.29,3.97,8.65,10.31,1.42
2,23.62,7.84,7.53,11.18,8.7,11.01,1.28
1,25.38,21.96,35.49,3.3,12.04,12.04,1.25
2,11.0,6.23,8.01,2.84,8.81,10.22,1.22
1,38.61,17.2,24.12,11.84,12.0,12.0,1.27
1,25.75,21.31,41.8,4.97,11.14,11.14,1.25
1,61.2,17.48,23.19,27.2,10.8,10.8,1.26
1,39.74,17.29,28.51,10.43,10.57,10.57,1.24
2,12.4,5.32,7.29,4.0,8.4,10.3,1.33
1,59.86,32.95,57.35,12.81,11.35,11.35,1.25
2,20.96,10.61,17.09,5.11,9.63,11.95,1.33
1,40.13,17.43,29.56,16.6,11.73,11.73,1.23
1,35.29,27.66,46.57,4.28,10.11,10.11,1.3
1,24.77,16.77,29.63,11.1,10.1,10.1,1.24
3,8.85,2.19,3.75,4.04,8.68,10.81,1.35
1,30.27,12.67,17.84,8.2,10.19,10.19,1.22
3,6.95,0.18,2.45,3.87,7.07,10.03,1.24
2,9.98,5.63,7.39,4.74,9.04,10.29,1.3
2,7.74,3.67,4.53,1.9,9.6,10.52,1.4
1,22.68,16.83,33.21,2.92,10.11,10.11,1.22
1,48.19,34.34,56.49,7.69,12.44,12.44,1.25
2,7.87,0.51,1.76,4.26,9.32,10.06,1.36
1,60.26,30.02,44.02,17.03,10.24,10.24,1.31
4,3.44,0.58,0.7,1.71,8.15,10.06,1.41
1,32.98,10.65,14.97,15.95,10.92,10.92,1.26
4,5.38,1.63,0.73,2.34,8.54,10.49,1.35
3,8.88,1.16,0.63,4.7,9.63,10.25,1.35
1,46.7,20.19,30.28,13.97,10.3,10.3,1.25
1,50.29,21.26,32.73,15.47,10.12,10.12,1.24
1,64.0,25.36,37.28,22.24,11.45,11.45,1.31
1,25.36,21.51,37.76,5.4,10.51,10.51,1.26
3,8.55,2.1,1.58,3.54,7.5,10.3,1.33
2,5.47,2.21,3.44,3.98,9.21,10.69,1.36
1,34.64,20.45,34.92,4.58,13.38,13.38,1.3
3,9.53,2.07,4.07,3.35,9.19,10.07,1.35
2,21.04,5.19,10.16,6.32,8.71,11.85,1.32
2,14.37,2.76,4.04,6.07,9.74,11.15,1.36
1,16.95,16.59,31.84,5.93,13.29,13.29,1.33
2,21.66,8.61,12.17,7.95,9.44,11.58,1.34
2,10.55,4.38,3.65,5.86,9.2,10.61,1.34
2,12.08,1.81,3.71,6.12,9.7,10.37,1.24
1,73.72,39.1,25.44,8.94,10.1,10.1,1.21
3,6.95,1.19,0.3,3.19,9.1,10.5,1.4
3,18.21,12.04,19.33,2.09,9.26,10.06,1.35
3,5.9,0.73,0.45,2.98,9.21,10.17,1.34
1,64.48,47.14,76.64,9.12,10.91,10.91,1.25
4,3.16,3.43,0.37,2.06,8.22,10.33,1.3
2,21.27,6.97,5.64,9.8,8.72,11.48,1.33
1,62.55,36.73,58.8,13.91,12.25,12.25,1.33
2,8.8,2.64,5.57,6.44,8.6,10.87,1.33
4,3.93,1.58,0.47,1.79,8.2,10.12,1.26
2,16.65,2.75,2.6,7.98,8.42,11.06,1.24
3,11.8,6.63,7.27,3.27,8.78,10.18,1.31
1,51.1,13.03,16.98,21.04,11.1,11.1,1.27
3,5.15,0.91,0.69,2.86,9.45,10.51,1.22
2,6.28,4.4,9.36,1.51,7.91,10.42,1.31
2,18.46,11.96,19.11,4.08,7.37,10.08,1.39
2,23.42,10.3,16.09,7.5,8.66,10.97,1.32
2,12.01,5.54,7.57,5.06,9.2,10.99,1.26
1,37.2,12.98,19.47,13.4,11.65,11.65,1.22
1,65.15,32.05,45.39,22.62,12.33,12.33,1.28
2,5.2,3.69,6.72,1.14,8.96,10.26,1.33
