order_id,order_date,customer_name,city,product,quantity,unit_price,payment_mode,total_amount
ORD0081,2026-04-03,Priya,Mumbai,Headphones,1,2038,Cash,2038
ORD0005,2026-02-12,Sneha,Chennai,Keyboard,3,1121,Card,3363
ORD0180,2026-02-04,Vikram,Bengaluru,Headphones,1,2284,NetBanking,2284
ORD0108,2026-06-18,Divya,Chennai,Keyboard,2,1135,Card,2270
ORD0075,2026-05-01,Vikram,Delhi,Laptop,4,53330,,213320
ORD0121,2026-04-08,Vikram,Delhi,Mouse,2,641,Card,1282
ORD0127,2026-02-13,Priya,Hyderabad,Webcam,3,1783,Card,5349
ORD0171,2026-12-05,Divya,Bengaluru,Monitor,2,9554,Cash,19108
ORD0064,2026-01-16,Vikram,,Monitor,2,9340,NetBanking,18680
ORD0106,2026-03-02,Vikram,Chennai,Headphones,4,2055,,8220
ORD0138,2026-05-12,Sneha,Hyderabad,Monitor,4,9199,NetBanking,36796
ORD0159,2026-07-03,Arun,Bengaluru,Headphones,4,2091,NetBanking,8364
ORD0137,2026-04-20,Rahul,Hyderabad,Webcam,3,1949,Cash,5847
ORD0112,2026-02-26,Karthik,Chennai,Monitor,2,9843,UPI,19686
ORD0172,2026-04-24,Vikram,Chennai,Mouse,2,588,Cash,1176
ORD0135,2026-01-04,Divya,Bengaluru,Webcam,2,1676,NetBanking,3352
ORD0094,2026-02-25,Priya,Delhi,Keyboard,3,1136,Card,3408
ORD0020,2026-08-03,Kavya,Hyderabad,Keyboard,3,1132,UPI,3396
ORD0156,2026-06-21,Karthik,Chennai,Headphones,2,2356,Cash,4712
ORD0100,2026-06-19,Vikram,Hyderabad,Mouse,1,582,UPI,582
ORD0017,2026-03-13,Sneha,Mumbai,Mouse,1,588,NetBanking,588
ORD0147,2026-06-14,Karthik,Delhi,Webcam,3,1930,UPI,5790
ORD0145,2026-08-01,Divya,Bengaluru,Mouse,3,601,UPI,1803
ORD0067,2026-01-01,Arun,Hyderabad,Mouse,3,628,NetBanking,1884
ORD0131,2026-05-22,Kavya,Chennai,Keyboard,5,1291,Cash,6455
ORD0035,2026-06-20,Divya,Delhi,Headphones,4,2142,NetBanking,8568
ORD0049,2026-04-24,Sneha,,Mouse,2,564,Cash,1128
ORD0038,2026-04-25,Rahul,Mumbai,Laptop,3,55263,Cash,165789
ORD0010,2026-07-02,Kavya,Delhi,Webcam,5,1879,Cash,9395
ORD0056,2026-01-09,Rahul,Delhi,Webcam,5,1785,Cash,8925
ORD0176,2026-06-14,Kavya,Hyderabad,Keyboard,3,1192,Cash,3576
ORD0070,2026-05-13,Sneha,Hyderabad,Monitor,2,8768,UPI,17536
ORD0003,2026-01-13,Vikram,Delhi,Keyboard,1,1106,UPI,1106
ORD0062,2026-09-04,Sneha,Chennai,Mouse,1,650,NetBanking,650
ORD0118,2026-12-04,Sneha,Bengaluru,Headphones,5,2050,NetBanking,10250
ORD0002,2026-05-01,Divya,Bengaluru,Mouse,5,604,Card,3020
ORD0164,2026-02-01,Karthik,Hyderabad,Mouse,1,548,NetBanking,548
ORD0146,2026-10-02,Sneha,Chennai,Webcam,4,1680,Card,6720
ORD0083,2026-05-20,Karthik,Delhi,Webcam,4,1786,Card,7144
ORD0057,2026-02-09,Divya,Mumbai,Headphones,4,2313,Cash,9252
ORD0028,2026-05-22,Arun,,Webcam,4,1880,Cash,7520
ORD0044,2026-04-04,Karthik,Bengaluru,Monitor,4,10234,Cash,40936
ORD0160,2026-03-18,Divya,Mumbai,Monitor,2,10424,NetBanking,20848
ORD0120,2026-01-23,Sneha,Hyderabad,Keyboard,3,1250,Card,3750
ORD0052,2026-04-13,Sneha,Delhi,Headphones,5,2095,UPI,10475
ORD0167,2026-04-13,Karthik,Chennai,Webcam,1,1636,NetBanking,1636
ORD0033,2026-04-15,Rahul,Mumbai,Monitor,1,9801,UPI,9801
ORD0136,2026-03-18,Karthik,Delhi,Mouse,2,606,Cash,1212
ORD0154,2026-06-08,Divya,Mumbai,Headphones,1,2324,UPI,2324
ORD0013,2026-02-19,Priya,Chennai,Headphones,2,2263,UPI,4526
ORD0061,2026-06-16,Sneha,Mumbai,Laptop,2,60112,Card,120224
ORD0073,2026-02-27,Karthik,Hyderabad,Headphones,3,2236,UPI,6708
ORD0123,2026-05-14,Priya,Delhi,Headphones,2,2073,Card,4146
ORD0065,2026-03-26,Divya,Chennai,Mouse,4,549,NetBanking,2196
ORD0004,2026-02-19,Priya,Chennai,Webcam,3,1936,Card,5808
ORD0078,2026-03-13,Priya,,Webcam,1,1803,UPI,1803
ORD0029,2026-01-17,Rahul,Hyderabad,Keyboard,5,1191,Card,5955
ORD0071,2026-03-27,Vikram,Bengaluru,Laptop,4,59435,Card,237740
ORD0021,2026-03-17,Vikram,Chennai,Laptop,2,58308,Cash,116616
ORD0003,2026-01-13,Vikram,Delhi,Keyboard,1,1106,UPI,1106
ORD0114,2026-11-02,Karthik,,Webcam,4,1845,NetBanking,7380
ORD0153,2026-06-07,Arun,Mumbai,Keyboard,3,1119,,3357
ORD0032,2026-01-22,Vikram,Chennai,Monitor,2,10175,,20350
ORD0166,2026-09-03,Divya,Chennai,Mouse,5,619,Card,3095
ORD0087,2026-05-25,Arun,Delhi,Monitor,5,10280,Card,51400
ORD0178,2026-02-23,Sneha,Chennai,Headphones,4,1993,NetBanking,7972
ORD0084,2026-01-24,Divya,,Monitor,4,9366,NetBanking,37464
ORD0125,2026-01-02,Arun,Delhi,Keyboard,5,1295,UPI,6475
ORD0072,2026-02-05,Kavya,Chennai,Keyboard,4,1281,Card,5124
ORD0099,2026-06-02,Vikram,Chennai,Keyboard,5,1253,Cash,6265
ORD0054,2026-06-09,Rahul,Mumbai,Monitor,2,8695,Cash,17390
ORD0179,2026-04-26,Karthik,Delhi,Mouse,4,631,NetBanking,2524
ORD0066,2026-05-02,Rahul,Hyderabad,Monitor,5,10336,UPI,51680
ORD0019,2026-02-22,Priya,Delhi,Laptop,1,59249,NetBanking,59249
ORD0132,2026-02-02,Vikram,Mumbai,Headphones,1,2000,Card,2000
ORD0109,2026-01-18,Rahul,Bengaluru,Laptop,5,57689,NetBanking,288445
ORD0092,2026-06-13,Divya,Chennai,Webcam,1,1801,NetBanking,1801
ORD0040,2026-11-03,Sneha,Mumbai,Keyboard,4,1134,UPI,4536
ORD0031,2026-05-20,Divya,Delhi,Monitor,2,9937,Cash,19874
ORD0016,2026-01-04,Arun,Chennai,Laptop,5,56760,NetBanking,283800
ORD0098,2026-06-17,Arun,Bengaluru,Keyboard,1,1262,Card,1262
ORD0150,2026-03-01,Vikram,,Webcam,5,1731,NetBanking,8655
ORD0011,2026-05-08,Priya,Mumbai,Keyboard,-2,1141,Card,-2282
ORD0093,2026-02-11,Karthik,Hyderabad,Laptop,1,56136,NetBanking,56136
ORD0095,2026-06-06,Karthik,Delhi,Headphones,1,2058,Cash,2058
ORD0173,2026-01-14,Priya,,Headphones,5,2264,NetBanking,11320
ORD0023,2026-04-17,Arun,Chennai,Webcam,3,1944,Cash,5832
ORD0162,2026-05-16,Vikram,Hyderabad,Headphones,2,2406,NetBanking,4812
ORD0105,2026-02-06,Vikram,Delhi,Mouse,3,651,UPI,1953
ORD0046,2026-03-26,Sneha,Delhi,Monitor,3,8984,Card,26952
ORD0140,2026-02-08,Rahul,Bengaluru,Headphones,5,2359,UPI,11795
ORD0152,2026-06-05,Arun,Chennai,Headphones,5,2181,NetBanking,10905
ORD0126,2026-06-26,Sneha,Mumbai,Keyboard,2,1203,NetBanking,2406
ORD0128,2026-02-28,Vikram,Bengaluru,Headphones,2,2194,NetBanking,4388
ORD0079,2026-05-27,Rahul,Bengaluru,Headphones,1,2085,UPI,2085
ORD0157,2026-02-16,Sneha,Bengaluru,Mouse,5,636,NetBanking,3180
ORD0067,2026-01-01,Arun,Hyderabad,Mouse,3,628,NetBanking,1884
ORD0139,2026-01-23,Karthik,Hyderabad,Keyboard,3,1090,Cash,3270
ORD0175,2026-06-08,Karthik,Delhi,Laptop,3,55416,UPI,166248
ORD0068,2026-06-20,Karthik,Delhi,Laptop,4,59485,Cash,237940
ORD0142,2026-02-04,Kavya,Hyderabad,Mouse,2,593,UPI,1186
ORD0086,2026-05-04,Rahul,Bengaluru,Headphones,3,2139,Cash,6417
ORD0034,2026-06-26,Karthik,Chennai,Monitor,2,8998,Card,17996
ORD0015,2026-04-02,Vikram,Chennai,Webcam,1,1950,NetBanking,1950
ORD0059,2026-02-02,Vikram,Delhi,Headphones,4,2216,Card,8864
ORD0026,2026-02-26,Arun,Bengaluru,Mouse,2,0,Card,0
ORD0042,2026-02-25,Priya,Delhi,Headphones,1,2290,NetBanking,2290
ORD0047,2026-06-21,Karthik,Chennai,Mouse,4,628,Cash,2512
ORD0024,2026-04-23,Arun,Chennai,Webcam,5,1846,UPI,9230
ORD0069,2026-06-01,Vikram,Delhi,Keyboard,5,1253,NetBanking,6265
ORD0103,2026-02-04,Rahul,Mumbai,Mouse,4,632,Card,2528
ORD0014,2026-04-19,Karthik,Mumbai,Headphones,5,2047,NetBanking,10235
ORD0074,2026-05-28,Priya,Mumbai,Webcam,4,1965,Cash,7860
ORD0009,2026-04-03,Kavya,Mumbai,Keyboard,3,1276,Card,3828
ORD0130,2026-03-24,Vikram,,Mouse,3,652,Cash,1956
ORD0158,2026-03-15,Rahul,Chennai,Mouse,1,582,UPI,582
ORD0155,2026-05-19,Vikram,Bengaluru,Webcam,3,1914,Card,5742
ORD0097,2026-04-17,Arun,Mumbai,Laptop,5,59576,NetBanking,297880
ORD0036,2026-04-09,Sneha,Bengaluru,Headphones,2,2228,Card,4456
ORD0169,2026-06-25,Priya,Hyderabad,Mouse,2,615,NetBanking,1230
ORD0144,2026-06-19,Kavya,Delhi,Keyboard,3,1282,Cash,3846
ORD0091,2026-07-02,Sneha,Hyderabad,Laptop,3,52849,Card,158547
ORD0001,2026-03-24,Rahul,Bengaluru,Webcam,1,1677,UPI,1677
ORD0050,2026-02-23,Karthik,Chennai,Laptop,3,58566,NetBanking,175698
ORD0055,2026-04-10,Karthik,Hyderabad,Keyboard,5,1232,NetBanking,6160
ORD0168,2026-02-08,Karthik,Hyderabad,Laptop,1,58153,,58153
ORD0058,2026-04-22,Arun,Mumbai,Webcam,3,1873,,5619
ORD0051,2026-04-13,Arun,Bengaluru,Monitor,1,8783,Card,8783
ORD0008,2026-06-26,Priya,Mumbai,Laptop,2,52004,UPI,104008
ORD0102,2026-01-10,Arun,Hyderabad,Mouse,1,559,Card,559
ORD0111,2026-05-25,Vikram,Bengaluru,Keyboard,1,1141,Card,1141
ORD0141,2026-06-16,Sneha,Hyderabad,Mouse,4,592,Card,2368
ORD0048,2026-03-11,Karthik,Hyderabad,Keyboard,5,1188,Cash,5940
ORD0104,2026-06-12,Karthik,Mumbai,Monitor,2,10401,NetBanking,20802
ORD0060,2026-06-01,Rahul,Bengaluru,Webcam,1,1868,Card,1868
ORD0026,2026-02-26,Arun,Bengaluru,Mouse,2,650,Card,1300
ORD0110,2026-05-18,Arun,Mumbai,Keyboard,1,1097,Cash,1097
ORD0085,2026-01-18,Vikram,Chennai,Laptop,2,55605,NetBanking,111210
ORD0041,2026-02-08,Kavya,Bengaluru,Webcam,250,1640,Card,410000
ORD0045,2026-03-09,Priya,Hyderabad,Monitor,5,9442,NetBanking,47210
ORD0131,2026-05-22,Kavya,Chennai,Keyboard,5,1291,Cash,6455
ORD0063,2026-04-13,Rahul,Bengaluru,Keyboard,5,1221,UPI,6105
ORD0043,2026-04-06,Priya,,Webcam,2,1941,,3882
ORD0028,2026-05-22,Arun,,Webcam,4,1880,Cash,7520
ORD0161,2026-12-03,Arun,Delhi,Keyboard,2,1314,NetBanking,2628
ORD0006,2026-03-22,Rahul,Chennai,Webcam,2,1905,Cash,3810
ORD0165,2026-06-17,Sneha,Chennai,Monitor,1,8574,Card,8574
ORD0012,2026-02-14,Rahul,Hyderabad,Keyboard,5,1215,NetBanking,6075
ORD0077,2026-04-20,Arun,Hyderabad,Webcam,4,1670,Cash,6680
ORD0018,2026-02-06,Arun,,Headphones,5,2356,Card,11780
ORD0082,2026-06-14,Karthik,Mumbai,Monitor,4,10285,UPI,41140
ORD0116,2026-06-09,Priya,Mumbai,Keyboard,4,1237,UPI,4948
ORD0113,2026-06-02,Sneha,Hyderabad,Headphones,3,2222,Cash,6666
ORD0025,2026-12-01,Rahul,Bengaluru,Mouse,3,545,NetBanking,1635
ORD0122,2026-04-14,Priya,Bengaluru,Webcam,5,1865,Cash,9325
ORD0163,2026-02-16,Arun,Delhi,Mouse,5,632,UPI,3160
ORD0170,2026-06-17,Arun,Chennai,Webcam,1,1691,NetBanking,1691
ORD0134,2026-04-20,Rahul,Chennai,Webcam,1,1972,,1972
ORD0053,2026-02-08,Priya,,Webcam,2,1661,Cash,3322
ORD0117,2026-08-06,Vikram,Mumbai,Laptop,1,51568,NetBanking,51568
ORD0088,2026-02-28,Divya,Chennai,Keyboard,2,1081,Card,2162
ORD0080,2026-06-04,Kavya,Chennai,Headphones,1,2108,UPI,2108
ORD0090,2026-05-07,Vikram,,Monitor,3,9398,Cash,28194
ORD0037,2026-03-14,Karthik,Mumbai,Mouse,4,548,UPI,2192
ORD0030,2026-01-22,Sneha,Delhi,Keyboard,3,1239,Cash,3717
ORD0022,2026-06-10,Kavya,Hyderabad,Laptop,5,60442,Cash,302210
ORD0107,2026-02-26,Arun,Hyderabad,Laptop,1,60148,NetBanking,60148
ORD0076,2026-01-04,Kavya,Mumbai,Laptop,4,54486,NetBanking,217944
ORD0027,2026-07-04,Sneha,Bengaluru,Laptop,2,57211,Cash,114422
ORD0124,2026-05-21,Kavya,Hyderabad,Laptop,2,53605,Card,107210
ORD0007,2026-02-09,Sneha,Delhi,Webcam,2,1854,,3708
ORD0089,2026-05-25,Priya,Chennai,Keyboard,3,1264,UPI,3792
ORD0039,2026-05-20,Divya,Delhi,Monitor,2,10433,Card,20866
ORD0129,2026-02-08,Vikram,Chennai,Monitor,1,9585,NetBanking,9585
ORD0151,2026-12-04,Divya,Mumbai,Webcam,4,1950,Card,7800
ORD0174,2026-05-19,Divya,Bengaluru,Webcam,2,1906,UPI,3812
ORD0119,2026-03-20,Karthik,Bengaluru,Webcam,2,1848,NetBanking,3696
ORD0101,2026-06-03,Divya,Delhi,Mouse,5,625,Card,3125
ORD0096,2026-03-21,Arun,Hyderabad,Laptop,4,57182,UPI,228728
ORD0115,2026-04-01,Sneha,Hyderabad,Headphones,1,2130,NetBanking,2130
ORD0057,2026-02-09,Divya,Mumbai,Headphones,4,2313,Cash,9252
ORD0148,2026-05-27,Rahul,Delhi,Headphones,1,2037,NetBanking,2037
ORD0177,2026-02-19,Divya,Hyderabad,Webcam,4,1975,Card,7900
ORD0149,2026-01-26,Kavya,Delhi,Laptop,4,57861,Cash,231444
ORD0143,2026-02-16,Karthik,Hyderabad,Webcam,5,1898,,9490
ORD0133,2026-03-19,Karthik,Delhi,Headphones,3,2358,UPI,7074
