TBADatenID,EQUI,LGNR,DATUM,AP,MASTERDAT,FA,MATNR,PERS,STK_GES,STK_NIO,STK_IO,MD1_DREH,MD2_DREH,MD3_DREH,MD4_DREH,PD1_DREH,PD2_DREH,PD3_DREH,PD4_DREH,WUCHTVERS_ANZ,DAUER_PRO_ATL,STATUS,DOK,MD1_ANLIEF_MG,MD1_ANLIEF_G,MD1_AUSLIEF_MG,MD1_AUSLIEF_G,MD2_ANLIEF_MG,MD2_ANLIEF_G,MD2_AUSLIEF_MG,MD2_AUSLIEF_G,MD3_ANLIEF_MG,MD3_ANLIEF_G,MD3_AUSLIEF_MG,MD3_AUSLIEF_G,MD4_ANLIEF_MG,MD4_ANLIEF_G,MD4_AUSLIEF_MG,MD4_AUSLIEF_G,EB1_ANLIEF_MG,EB1_ANLIEF_G,EB1_AUSLIEF_MG,EB1_AUSLIEF_G,EB2_ANLIEF_MG,EB2_ANLIEF_G,EB2_AUSLIEF_MG,EB2_AUSLIEF_G,PD1_ANLIEF_1_MV,PD1_ANLIEF_1_G,PD1_AUSLIEF_1_MV,PD1_AUSLIEF_1_G,PD2_ANLIEF_1_MV,PD2_ANLIEF_1_G,PD2_AUSLIEF_1_MV,PD2_AUSLIEF_1_G,PD3_ANLIEF_1_MV,PD3_ANLIEF_1_G,PD3_AUSLIEF_1_MV,PD3_AUSLIEF_1_G,PD4_ANLIEF_1_MV,PD4_ANLIEF_1_G,PD4_AUSLIEF_1_MV,PD4_AUSLIEF_1_G,ARBEITSGANG,KALI_LADER,OEL_DURCHFLUSS,OEL_DRUCK,OEL_TEMPERATUR,PF_SET,PF_TORQUE,PF_ANGLE,SPANN_DRUCK,Gesamtdurchlaufzeit,System,DateTime_S5,Operator_ID_S5,Operator_name_S5,Program_ID_S5,Recipe_Name_S5,Core_part_x,Recipe_No_S5,Mode_Operation_S5,Station_ID_S5,CycleTime_S5,Shift_No_S5,Unique_ID_S5,Result_Overall_S5,Defect_Code_S5,Order_No_S5,Order_Qty_S5,Serial_CA,Val_Pressure_Bhsg,Val_Pressure_CS,Val_Pressure_TS,Val_Filltime,Val_Testtime,Val_flow_System,Val_flow_CS,Val_flow_TS,Min_Pressure_Bhsg,Max_Pressure_Bhsg,Min_Pressure_CS,Max_Pressure_CS,Min_Pressure_TS,Max_Pressure_TS,Min_flow_System,Max_flow_System,Min_flow_CS,Max_flow_CS,Min_flow_TS,Max_flow_TS,Auto_ID_x,DateTime_S3,Operator_ID_S3,Operator_name_S3,Program_ID_S3,Recipe_Name_S3,Core serial,Recipe_No_S3,Core_part_y,Mode_Operation_S3,Station_ID_S3,CycleTime_S3,Shift_No_S3,Unique_ID_S3,Result_Overall_S3,Defect_Code_S3,Order_No_S3,Order_Qty_S3,Serial_CW,Serial_Backplate_S3,Serial_Bhsg_S3,Pres_Oildeflector_Oring,Res_CWProfileCheck,Pres_Backplate,Pres_ShaftNut,Auto_ID_y,DateTime_S1,Operator_ID_S1,Operator_name_S1,Program_ID_S1,Recipe_Name_S1,Core Serial,Recipe_No_S1,Mode_Operation_S1,Station_ID_S1,CycleTime_S1,Shift_No_S1,Unique_ID_S1,Result_Overall_S1,Defect_Code_S1,Order_No_S1,Order_Qty_S1,Serial_TW,Pres_PR_Top,Pres_PR_Bottom,Min_LVDT_Width_PR1,Val_LVDT_Width_PR1,Max_LVDT_Width_PR1,Min_LVDT_Width_PR2,Val_LVDT_Width_PR2,Max_LVDT_Width_PR2,Res_TWProfileCheck,Serial_HSCupspring,Serial_Bhsg_S1,Pres_Mandrel,Pres_Cupspring,Pick_Val_Distance_Servo1,Pick_Val_Distance_Servo2,Place_Val_Distance_Servo1,Place_Val_Distance_Servo2,Min_Val_Load_BHsg_W1,Max_Val_Load_BHsg_W1,Min_Val_Distance_BHsg_W1,Max_Val_Distance_BHsg_W1,Min_Val_Load_BHsg_W2,Max_Val_Load_BHsg_W2,Min_Val_Distance_BHsg_W2,Max_Val_Distance_BHsg_W2,Min_Val_Load_BHsg_W3,Max_Val_Load_BHsg_W3,Min_Val_Distance_BHsg_W3,Max_Val_Distance_BHsg_W3,Min_Val_Load_BHsg_W4,Max_Val_Load_BHsg_W4,Min_Val_Distance_BHsg_W4,Max_Val_Distance_BHsg_W4,Serial_Pallet_S1,Auto_ID,DateTime_S2,Operator_ID_S2,Operator_name_S2,Program_ID_S2,Recipe_Name_S2,Core_Part,Recipe_No_S2,Mode_Operation_S2,Station_ID_S2,CycleTime_S2,Shift_No_S2,Unique_ID_S2,Result_Overall_S2,Defect_Code_S2,Order_No_S2,Order_Qty_S2,Serial_Bhsg_S2,Res_ThrustRing_Assy,Pres_ThrustRing,Pres_ThrustPlate,Res_Mandrel_Removal,Res_ThrustPlate_Assy,Auto_ID_2,DateTime_S4,Operator_ID_S4,Operator_name_S4,Program_ID_S4,Recipe_Name_S4,Core_part,Recipe_No_S4,Mode_Operation_S4,Station_ID_S4,CycleTime_S4,Shift_No_S4,Unique_ID_S4,Result_Overall_S4,Defect_Code_S4,Order_No_S4,Order_Qty_S4,Serial_Backplate_S4,Serial_Bhsg_S4,Val_PowerFactor,Val_Temp_CWHeat,Val_CWHeat_Cycletime,CW_Pick_Val_Distance_Servo1,CW_Pick_Val_Distance_Servo2,CW_Place_HIM_Val_Distance_Servo1,CW_Place_HIM_Val_Distance_Servo2,CW_Place_TW_Val_Distance_Servo1,CW_Place_TW_Val_Distance_Servo2,Pick_SN_Val_Distance_Servo1,Place_SN_Val_Distance_Servo1,Min_Val_Load_CW_W1,Max_Val_Load_CW_W1,Min_Val_Distance_CW_W1,Max_Val_Distance_CW_W1,Min_Val_Load_CW_W2,Max_Val_Load_CW_W2,Min_Val_Distance_CW_W2,Max_Val_Distance_CW_W2,Min_Val_Load_CW_W3,Max_Val_Load_CW_W3,Min_Val_Distance_CW_W3,Max_Val_Distance_CW_W3,Min_Val_Load_CW_W4,Max_Val_Load_CW_W4,Min_Val_Distance_CW_W4,Max_Val_Distance_CW_W4,Min_Val_Distance_Servo_S4,Max_Val_Distance_Servo_S4,Min_Val_PreTrq_Shaftnut,Val_PreTrq_Shaftnut,Max_Val_PreTrq_Shaftnut,Val_PreTrqAng_Shaftnut,Torque_Retry_Count,Auto_ID_3
5013539,1,0020007910431251065004261159694C,2026-06-03 08:14:35,306217, , ,104319220140,0,0,0,0,57000,110000,0,0,120000,0,0,0,5,4:09,1011,18,"71,95     ",46,"18,23     ",45,"68,33     ",41,"16,05     ",39,0         ,0,0         ,0,0,0,0,0,"57,17     ",134,"13,78     ",129,"5,77      ",152,"0,06      ",8,"5,77      ",86,"5,49      ",88,0,0,0,0,0,0,0,0,0,0,0,0,UCX31_x0001_|_x0007_:, ,"1,38      ","4,93      ","45,67     ",14,"4,94      ",93,"65,08     ",10:27     ,3,2026-06-03 19:14:42,11014086.0,BABU        ,1,104339022020,104319220140,,AUTOMODE_TS1,BV141E2,38,1,,OK,,0,0,0020007910431251065004261159694C,1.15409,1.16616,1.15057,5,5,2.67665,7.94611,4.62156,1,1.2,1.2,1.2,1,1.2,0.5,12,0.5,12,0.5,12,283448,2026-06-03 19:12:04,11014086,BABU        ,13616,104339022020,104319220140,140HPW501   ,,AUTOMODE,BV141C,20,1,296230,OK,,0,0,9003102010431351065904261500140B,0020007910431251065004261159694C,00200045104311520066-7261482187A,OK,OK,OK,OK,284604,2026-06-03 19:10:24,11014086.0,BABU        ,13616,104339022020,104319220140,140HPW501   ,AUTOMODE,BV141A,22,1,296230,OK,CA1,0,0,300050104312999991395364110336,OK,OK,0.39,0.421,0.5,0.39,0.413,0.5,OK,,00200045104311520066-7261482187A,OK,OK,202.9,145.2,52.6,146.3,0.0,2.40945,52.084,53.2178,0.163353,2.24609,55.4726,55.8828,57.8345,4.53303,57.6307,0.285866,0,0,0,0,05ACA004,285126,2026-06-03 19:11:02,11014086.0,BABU        ,13616.0,104339022020,104319220140,140HPW501   ,AUTOMODE,BV141B,30,1.0,296230.0,OK,,,,00200045104311520066-7261482187A,OK,OK,,OK,OK,285282,2026-06-03 19:13:34,11014086.0,BABU        ,13616,104339022020,104319220140,,AUTOMODE,BV141D,31,1,296230,OK,CA13,,,0020007910431251065004261159694C,,0,145.7,3.6,-113.55,50.1,134,19.6,-223.2,59.6,-216.052,-106.71,1.09446,2.6087,45.0,40.0,5.0,26.2737,51.7669,51.8544,0,0,0,0,0,0,0,0,0,0,0,1.81,0,20.0,0,353211
5069151,1,0020007910431251065004261391390C,2026-06-19 20:11:41,314116, , ,104319220151,0,0,0,0,57000,110000,0,0,120000,0,0,0,6,4:38,1011,18,"88,31     ",291,"14,87     ",308,"76,62     ",281,"14,75     ",289,0         ,0,0         ,0,0,0,0,0,"69,99     ",263,"13,23     ",272,"7,65      ",265,"0,1       ",314,"4,21      ",112,"4,28      ",99,0,0,0,0,0,0,0,0,0,0,0,0,UCX31_x0001_|_x0007_:, ,"1,37      ","4,85      ","45,63     ",3,"4,36      ",93,"65,1      ",5:09      ,3,2026-06-20 09:17:17,11014981.0,MAREESWARAN ,1,104339022021,104319220151,,AUTOMODE_TS1,BV141E,44,1,,OK,,0,0,0020007910431251065004261391390C,1.17434,1.17383,1.17434,5,5,4.7125,4.545,5.7575,1,1.2,1.2,1.2,1,1.2,0.5,12,0.5,12,0.5,12,301951,2026-06-20 09:14:29,11014981,MAREESWARAN ,13616,104339022021,104319220151,160HP Z101  ,,AUTOMODE,BV141C,21,1,313478,OK,,0,0,9003102010431351065904261665819B,0020007910431251065004261391390C,00200045104311520066-7261672837C,OK,OK,OK,OK,303236,2026-06-20 09:12:41,11014981.0,MAREESWARAN ,13616,104339022021,104319220151,160HP Z101  ,AUTOMODE,BV141A,22,1,313478,OK,CA1,0,0,1020104313020080004674879488,OK,OK,0.39,0.424,0.5,0.39,0.411,0.5,OK,,00200045104311520066-7261672837C,OK,OK,202.9,145.2,52.6,146.3,0.0,1.55185,52.0406,52.9655,0.0816765,2.0419,55.5363,55.8446,57.7962,4.04297,57.3886,0.326702,0,0,0,0,05ACA001,303891,2026-06-20 09:13:19,11014981.0,MAREESWARAN ,13616.0,104339022021,104319220151,160HP Z101  ,AUTOMODE,BV141B,28,1.0,313478.0,OK,,,,00200045104311520066-7261672837C,OK,OK,,OK,OK,303991,2026-06-20 09:16:05,11014981.0,MAREESWARAN ,13616,104339022021,104319220151,,AUTOMODE,BV141D,33,1,313478,OK,CA13,,,0020007910431251065004261391390C,,0,145.2,3.6,-113.55,50.1,134,19.6,-223.2,59.6,-223.2,-113.71,0.510592,1.30426,45.0,40.4515,5.0,25.2484,52.223,52.3598,0,0,0,0,0,0,0,0,0,0,0,3.69,0,20.0,0,378015
5069076,1,0020007910431251065004261391627C,2026-06-19 19:19:01,314116, , ,104319220151,0,0,0,0,57000,110000,0,0,120000,0,0,0,4,3:30,1011,18,"158,74    ",200,"31,57     ",193,"93,9      ",187,"23,21     ",180,0         ,0,0         ,0,0,0,0,0,"79,96     ",171,"21,35     ",161,39        ,191,"2,98      ",172,"3,71      ",67,"2,59      ",80,0,0,0,0,0,0,0,0,0,0,0,0,UCX31_x0001_|_x0007_:, ,"1,38      ","4,99      ","46,35     ",3,"4,69      ",93,"65,15     ",4:02      ,3,2026-06-20 09:20:53,11014981.0,MAREESWARAN ,1,104339022021,104319220151,,AUTOMODE_TS1,BV141E2,38,1,,OK,,0,0,0020007910431251065004261391627C,1.14503,1.16377,1.14566,5,5,2.35329,5.72934,2.79401,1,1.2,1.2,1.2,1,1.2,0.5,12,0.5,12,0.5,12,301956,2026-06-20 09:18:07,11014981,MAREESWARAN ,13616,104339022021,104319220151,160HP Z101  ,,AUTOMODE,BV141C,18,1,313483,OK,,0,0,9003102010431351065904261665818B,0020007910431251065004261391627C,00200045104311520066-7261673014C,OK,OK,OK,OK,303241,2026-06-20 09:16:09,11014981.0,MAREESWARAN ,13616,104339022021,104319220151,160HP Z101  ,AUTOMODE,BV141A,24,1,313483,OK,CA1,0,0,1020104313020080004674879488,OK,OK,0.39,0.437,0.5,0.39,0.437,0.5,OK,,00200045104311520066-7261673014C,OK,OK,202.9,145.2,52.6,146.3,-0.0408401,1.22514,52.0483,53.0751,0.0408363,1.79688,55.437,56.0485,57.5874,3.96129,57.4855,0.285866,0,0,0,0,05ACA003,303896,2026-06-20 09:16:57,11014981.0,MAREESWARAN ,13616.0,104339022021,104319220151,160HP Z101  ,AUTOMODE,BV141B,28,1.0,313483.0,OK,,,,00200045104311520066-7261673014C,OK,OK,,OK,OK,303996,2026-06-20 09:19:47,11014981.0,MAREESWARAN ,13616,104339022021,104319220151,,AUTOMODE,BV141D,33,1,313483,OK,CA13,,,0020007910431251065004261391627C,,0,145.1,3.7,-113.55,50.1,134,19.6,-223.2,59.6,-223.2,-113.71,0.260364,0.686058,45.0,40.0242,5.0,25.2484,52.4723,52.5578,0,0,0,0,0,0,0,0,0,0,0,3.59,0,20.0,0,378020
5010983,1,0020007910431251065004261425498A,2026-06-02 13:54:28,304212, , ,104319220140,0,0,0,0,57000,110000,0,0,120000,0,0,0,5,3:22,1011,18,"58,78     ",125,"27,79     ",109,"61,87     ",107,"18,35     ",99,0         ,0,0         ,0,0,0,0,0,"79,52     ",155,"19,82     ",145,"12,32     ",314,"0,08      ",56,"3,82      ",132,"4,59      ",162,0,0,0,0,0,0,0,0,0,0,0,0,UCX31_x0001_|_x0007_:, ,"1,63      ","4,85      ","45,68     ",14,"4,07      ",94,"65,13     ",3:47      ,3,2026-06-03 14:37:56,11014086.0,BABU        ,1,104339022020,104319220140,,AUTOMODE_TS1,BV141E,45,1,,OK,,0,0,0020007910431251065004261425498A,1.17649,1.17434,1.17472,5,5,5.2075,6.0025,7.3,1,1.2,1.2,1.2,1,1.2,0.5,12,0.5,12,0.5,12,283195,2026-06-03 14:35:54,11014086,BABU        ,13616,104339022020,104319220140,140HPW501   ,,AUTOMODE,BV141C,25,1,295970,OK,,0,0,9003102010431351065904261500098B,0020007910431251065004261425498A,00200045104311520066-7261502318A,OK,OK,OK,OK,284346,2026-06-03 14:34:32,11014086.0,BABU        ,13616,104339022020,104319220140,140HPW501   ,AUTOMODE,BV141A,21,1,295970,OK,CA1,0,0,300050104312999991395364110336,OK,OK,0.39,0.483,0.5,0.39,0.474,0.5,OK,,00200045104311520066-7261502318A,OK,OK,202.9,145.2,52.6,146.3,0.0,0.816761,52.0251,53.0493,0.0408401,1.51101,55.3042,55.6099,57.6661,9.39275,57.1539,0.245029,0,0,0,0,05ACA006,284868,2026-06-03 14:35:10,11014086.0,BABU        ,13616.0,104339022020,104319220140,140HPW501   ,AUTOMODE,BV141B,30,1.0,295970.0,OK,,,,00200045104311520066-7261502318A,OK,OK,,OK,OK,285024,2026-06-03 14:36:46,11014086.0,BABU        ,13616,104339022020,104319220140,,AUTOMODE,BV141D,32,1,295970,OK,CA13,,,0020007910431251065004261425498A,,0,145.8,3.8,-113.55,50.1,134,19.6,-223.1,59.6,-216.052,-106.71,0.336034,1.2314,45.0,40.0,5.0,25.4293,51.3941,51.5059,0,0,0,0,0,0,0,0,0,0,0,1.6,0,20.0,0,352874
5013050,1,0020007910431251065004261431982B,2026-06-03 04:15:10,306217, , ,104319220140,0,0,0,0,57000,110000,0,0,120000,0,0,0,5,4:14,1011,18,"75,22     ",275,"15,69     ",259,"65,72     ",255,"13,79     ",247,0         ,0,0         ,0,0,0,0,0,"57,14     ",347,"12,19     ",338,"13,25     ",65,"0,1       ",54,"2,23      ",314,"3,63      ",333,0,0,0,0,0,0,0,0,0,0,0,0,UCX31_x0001_|_x0007_:, ,"1,34      ","4,93      ","45,42     ",14,"4,36      ",93,"65,08     ",4:50      ,3,2026-06-04 09:12:39,11014981.0,MAREESWARAN ,1,104339022020,104319220140,,AUTOMODE_TS1,BV141E2,38,1,,OK,,0,0,0020007910431251065004261431982B,1.15019,1.15887,1.14981,5,5,2.48503,6.3485,3.13892,1,1.2,1.2,1.2,1,1.2,0.5,12,0.5,12,0.5,12,284129,2026-06-04 09:10:37,11014981,MAREESWARAN ,13616,104339022020,104319220140,140HPW501   ,,AUTOMODE,BV141C,19,1,296919,OK,,0,0,9003102010431351065904261521257B,0020007910431251065004261431982B,00200045104311520066-7261480574B,OK,OK,OK,OK,285283,2026-06-04 09:08:41,11014981.0,MAREESWARAN ,13616,104339022020,104319220140,140HPW501   ,AUTOMODE,BV141A,23,1,296919,OK,CA1,0,0,300050104312999991395364110336,OK,OK,0.39,0.416,0.5,0.39,0.415,0.5,OK,,00200045104311520066-7261480574B,OK,OK,202.9,145.2,52.6,146.3,-0.0408363,0.939278,53.119,53.3254,0.0816765,1.47017,55.2745,55.7866,56.2401,1.15168,57.5345,0.245029,0,0,0,0,05ACA007,285807,2026-06-04 09:09:19,11014981.0,MAREESWARAN ,13616.0,104339022020,104319220140,140HPW501   ,AUTOMODE,BV141B,30,1.0,296919.0,OK,,,,00200045104311520066-7261480574B,OK,OK,,OK,OK,285962,2026-06-04 09:11:31,11014981.0,MAREESWARAN ,13616,104339022020,104319220140,,AUTOMODE,BV141D,32,1,296919,OK,CA13,,,0020007910431251065004261431982B,,0,145.3,3.2,-113.55,50.1,134,19.6,-223.2,59.6,-216.052,-106.71,-0.00753784,0.0,43.6644,40.0348,5.0,25.4218,51.9866,52.1616,0,0,0,0,0,0,0,0,0,0,0,1.67,0,20.0,0,353939
5026347,1,0020007910431251065004261437563C,2026-06-07 00:08:42,306217, , ,104319220140,0,0,0,0,57000,110000,0,0,120000,0,0,0,6,4:55,1011,18,"51,67     ",207,"10,95     ",193,"54,49     ",191,"10,29     ",179,0         ,0,0         ,0,0,0,0,0,"46,78     ",284,"9,04      ",274,"4,68      ",31,"0,07      ",185,"5,44      ",335,"6,83      ",341,0,0,0,0,0,0,0,0,0,0,0,0,UCX31_x0001_|_x0007_:, ,"1,33      ","4,94      ","45,02     ",14,"3,82      ",93,"65,13     ",5:32      ,3,2026-06-08 21:26:37,11014981.0,MAREESWARAN ,1,104339022020,104319220140,,AUTOMODE_TS1,BV141E,45,2,,OK,,0,0,0020007910431251065004261437563C,1.17497,1.1732,1.17497,5,5,4.685,4.505,5.46,1,1.2,1.2,1.2,1,1.2,0.5,12,0.5,12,0.5,12,289337,2026-06-08 21:24:01,11014981,MAREESWARAN ,13616,104339022020,104319220140,140HPW501   ,,AUTOMODE,BV141C,24,2,301357,OK,,0,0,9003102010431351065904261568969B,0020007910431251065004261437563C,00200045104311520066-7261562605B,OK,OK,OK,OK,290530,2026-06-08 21:22:37,11014981.0,MAREESWARAN ,13616,104339022020,104319220140,140HPW501   ,AUTOMODE,BV141A,23,2,301357,OK,CA1,0,0,300050104312999991395364110336,OK,OK,0.39,0.458,0.5,0.39,0.44,0.5,OK,,00200045104311520066-7261562605B,OK,OK,202.9,145.2,52.6,146.3,-0.0408401,1.34766,52.662,53.2812,0.0816765,2.24609,55.5488,56.1653,56.2401,2.06636,57.7119,0.326702,0,0,0,0,05ACA003,291072,2026-06-08 21:23:17,11014981.0,MAREESWARAN ,13616.0,104339022020,104319220140,140HPW501   ,AUTOMODE,BV141B,30,2.0,301357.0,OK,,,,00200045104311520066-7261562605B,OK,OK,,OK,OK,291212,2026-06-08 21:25:27,11014981.0,MAREESWARAN ,13616,104339022020,104319220140,,AUTOMODE,BV141D,31,2,301357,OK,CA13,,,0020007910431251065004261437563C,,0,145.3,3.4,-113.55,50.1,134,19.6,-223.2,59.6,-223.2,-113.71,0.160534,0.784958,45.0,40.0,5.0,24.6302,51.7933,51.8695,0,0,0,0,0,0,0,0,0,0,0,1.63,0,20.0,0,359696
5027020,1,0020007910431251065004261437950C,2026-06-07 04:13:43,306217, , ,104319220140,0,0,0,0,57000,110000,0,0,120000,0,0,0,6,4:59,1011,18,"57,35     ",94,"7,53      ",47,"49,91     ",52,"6,74      ",33,0         ,0,0         ,0,0,0,0,0,"40,72     ",143,"6,07      ",130,"17,72     ",246,"0,1       ",39,"4,52      ",245,"6,78      ",225,0,0,0,0,0,0,0,0,0,0,0,0,UCX31_x0001_|_x0007_:, ,"1,26      ","4,95      ","45,02     ",14,"4,03      ",93,"65,03     ",5:35      ,3,2026-06-08 21:28:39,11014981.0,MAREESWARAN ,1,104339022020,104319220140,,AUTOMODE_TS1,BV141E2,38,2,,OK,,0,0,0020007910431251065004261437950C,1.15396,1.15069,1.14881,5,5,2.71617,6.03353,3.9509,1,1.2,1.2,1.2,1,1.2,0.5,12,0.5,12,0.5,12,289340,2026-06-08 21:26:27,11014981,MAREESWARAN ,13616,104339022020,104319220140,140HPW501   ,,AUTOMODE,BV141C,40,2,301360,OK,,0,0,9003102010431351065904261568966B,0020007910431251065004261437950C,00200045104311520066-7261562633B,OK,OK,OK,OK,290533,2026-06-08 21:24:35,11014981.0,MAREESWARAN ,13616,104339022020,104319220140,140HPW501   ,AUTOMODE,BV141A,22,2,301360,OK,CA1,0,0,300050104312999991395364110336,OK,OK,0.39,0.434,0.5,0.39,0.452,0.5,OK,,00200045104311520066-7261562633B,OK,OK,202.9,145.2,52.6,146.3,0.0,0.571735,52.1733,53.2994,0.0816765,1.67436,55.2587,55.8778,56.2401,1.20269,57.5187,0.28587,0,0,0,0,05ACA007,291075,2026-06-08 21:25:13,11014981.0,MAREESWARAN ,13616.0,104339022020,104319220140,140HPW501   ,AUTOMODE,BV141B,28,2.0,301360.0,OK,,,,00200045104311520066-7261562633B,OK,OK,,OK,OK,291215,2026-06-08 21:27:33,11014981.0,MAREESWARAN ,13616,104339022020,104319220140,,AUTOMODE,BV141D,31,2,301360,OK,CA13,,,0020007910431251065004261437950C,,0,146.2,3.5,-113.55,50.1,134,19.6,-223.2,59.6,-223.2,-113.71,1.23112,1.77168,45.0,41.456,5.0,25.4142,51.9961,52.1214,0,0,0,0,0,0,0,0,0,0,0,1.75,0,20.0,0,359699
5070247,1,0020007910431251065004261449979B,2026-06-20 04:57:23,304212, , ,104319220151,0,0,0,0,57000,110000,0,0,120000,0,0,0,5,3:54,1011,18,"44,2      ",289,"14,48     ",247,"55,98     ",252,"14,39     ",237,0         ,0,0         ,0,0,0,0,0,"47,65     ",303,"10,58     ",293,"8,98      ",89,"0,07      ",183,"1,52      ",260,"1,23      ",331,0,0,0,0,0,0,0,0,0,0,0,0,UCX31_x0001_|_x0007_:, ,"1,47      ","4,97      ","45,31     ",14,"4,42      ",94,"65,03     ",4:26      ,3,2026-06-21 07:42:58,11014981.0,MAREESWARAN ,1,104339022020,104319220140,,AUTOMODE_TS1,BV141E2,34,2,,OK,,0,0,0020007910431251065004261449979B,1.16566,1.14403,1.15962,5,5,6.25509,11.6228,6.60599,1,1.2,1.2,1.2,1,1.2,0.5,12,0.5,12,0.5,12,303073,2026-06-21 07:40:22,11014981,MAREESWARAN ,13616,104339022020,104319220140,140HPW501   ,,AUTOMODE,BV141C,21,2,314625,OK,,0,0,9003102010431351065904261689902B,0020007910431251065004261449979B,00200045104311520066-7261632494B,OK,OK,OK,OK,304371,2026-06-21 07:38:12,11014981.0,MAREESWARAN ,13616,104339022020,104319220140,140HPW501   ,AUTOMODE,BV141A,22,2,314625,OK,CA1,0,0,300050104312999991395364110336,OK,OK,0.39,0.443,0.5,0.39,0.444,0.5,OK,,00200045104311520066-7261632494B,OK,OK,202.9,145.2,52.6,146.3,-0.0408363,1.96023,52.1884,53.6279,0.122517,1.84023,55.8802,56.2401,56.2904,2.0419,57.7325,0.367542,0,0,0,0,05ACA010,305031,2026-06-21 07:38:56,11014981.0,MAREESWARAN ,13616.0,104339022020,104319220140,140HPW501   ,AUTOMODE,BV141B,29,2.0,314625.0,OK,,,,00200045104311520066-7261632494B,OK,OK,,OK,OK,305128,2026-06-21 07:41:56,11014981.0,MAREESWARAN ,13616,104339022020,104319220140,,AUTOMODE,BV141D,35,2,314625,OK,CA13,,,0020007910431251065004261449979B,,0,145.7,6.0,-113.55,50.1,134,19.6,-223.35,59.6,-223.35,-113.71,0.0301552,0.241249,44.6482,41.1507,5.0,19.7599,52.4667,52.4566,0,0,0,0,0,0,0,0,0,0,0,1.74,0,20.0,0,379261
5027295,1,0020007910431251065004261450297B,2026-06-07 06:29:10,306217, , ,104319220140,0,0,0,0,57000,110000,0,0,120000,0,0,0,6,5:01,1011,18,"46,18     ",273,"8,78      ",250,"45,3      ",234,"8,1       ",237,0         ,0,0         ,0,0,0,0,0,"38,46     ",324,"6,82      ",333,"13,69     ",80,"0,09      ",275,"4,09      ",75,"6,32      ",48,0,0,0,0,0,0,0,0,0,0,0,0,UCX31_x0001_|_x0007_:, ,"1,31      ","4,96      ","44,99     ",14,"4,32      ",93,"65,1      ",5:38      ,3,2026-06-08 21:30:01,11014981.0,MAREESWARAN ,1,104339022020,104319220140,,AUTOMODE_TS1,BV141E2,38,2,,OK,,0,0,0020007910431251065004261450297B,1.14717,1.14868,1.15157,5,5,2.82994,7.1497,3.72335,1,1.2,1.2,1.2,1,1.2,0.5,12,0.5,12,0.5,12,289342,2026-06-08 21:27:39,11014981,MAREESWARAN ,13616,104339022020,104319220140,140HPW501   ,,AUTOMODE,BV141C,17,2,301362,OK,,0,0,9003102010431351065904261568977B,0020007910431251065004261450297B,00200045104311520066-7261562626B,OK,OK,OK,OK,290535,2026-06-08 21:26:29,11014981.0,MAREESWARAN ,13616,104339022020,104319220140,140HPW501   ,AUTOMODE,BV141A,55,2,301362,OK,CA1,0,0,300050104312999991395364110336,OK,OK,0.39,0.426,0.5,0.39,0.436,0.5,OK,,00200045104311520066-7261562626B,OK,OK,202.9,145.2,52.6,146.3,-0.0408401,2.32777,52.0383,53.2689,0.204189,2.94034,55.3225,55.939,57.6843,4.6147,57.5824,0.408379,0,0,0,0,05ACA004,291077,2026-06-08 21:27:09,11014981.0,MAREESWARAN ,13616.0,104339022020,104319220140,140HPW501   ,AUTOMODE,BV141B,28,2.0,301362.0,OK,,,,00200045104311520066-7261562626B,OK,OK,,OK,OK,291217,2026-06-08 21:28:57,11014981.0,MAREESWARAN ,13616,104339022020,104319220140,,AUTOMODE,BV141D,31,2,301362,OK,CA13,,,0020007910431251065004261450297B,,0,145.6,3.4,-113.55,50.1,134,19.6,-223.2,59.6,-223.2,-113.71,0.962435,2.909,45.0,40.0,5.0,26.2435,51.8303,51.9358,0,0,0,0,0,0,0,0,0,0,0,1.67,0,20.0,0,359701
5072492,1,0020007910431251065004261450508B,2026-06-20 18:05:56,314116, , ,104319220151,0,0,0,0,57000,110000,0,0,120000,0,0,0,4,3:21,1011,18,"89,46     ",63,"15,29     ",55,"84,84     ",46,"14,82     ",40,0         ,0,0         ,0,0,0,0,0,"78,17     ",27,"13,54     ",20,"5,95      ",86,"0,05      ",152,"3,06      ",358,"3,47      ",28,0,0,0,0,0,0,0,0,0,0,0,0,UCX31_x0001_|_x0007_:, ,"1,28      ","5,07      ","45,28     ",3,"3,87      ",93,"65,03     ",28:55     ,3,2026-06-21 11:15:04,11014981.0,MAREESWARAN ,1,104339022020,104319220140,,AUTOMODE_TS1,BV141E,41,1,,OK,,0,0,0020007910431251065004261450508B,1.17623,1.1756,1.17231,5,5,3.8425,4.0025,4.7525,1,1.2,1.2,1.2,1,1.2,0.5,12,0.5,12,0.5,12,303184,2026-06-21 11:13:10,11014981,MAREESWARAN ,13616,104339022020,104319220140,140HPW501   ,,AUTOMODE,BV141C,22,1,314741,OK,,0,0,9003102010431351065904261689775B,0020007910431251065004261450508B,00200045104311520066-7261642113A,OK,OK,OK,OK,304482,2026-06-21 11:11:48,11014981.0,MAREESWARAN ,13616,104339022020,104319220140,140HPW501   ,AUTOMODE,BV141A,23,1,314741,OK,CA1,0,0,300050104312999991395364110336,OK,OK,0.39,0.418,0.5,0.39,0.417,0.5,OK,,00200045104311520066-7261642113A,OK,OK,202.9,145.2,52.6,146.3,0.0,2.0419,52.0506,53.4876,0.163353,1.87855,55.7424,56.1526,57.6865,1.83771,57.5845,0.367542,0,0,0,0,05ACA010,305144,2026-06-21 11:12:32,11014981.0,MAREESWARAN ,13616.0,104339022020,104319220140,140HPW501   ,AUTOMODE,BV141B,29,1.0,314741.0,OK,,,,00200045104311520066-7261642113A,OK,OK,,OK,OK,305239,2026-06-21 11:13:58,11014981.0,MAREESWARAN ,13616,104339022020,104319220140,,AUTOMODE,BV141D,34,1,314741,OK,CA13,,,0020007910431251065004261450508B,,0,145.4,5.6,-113.55,50.1,134,19.6,-223.35,59.6,-223.35,-113.71,0.120628,0.452347,44.8975,41.2119,5.0,22.082,52.4188,52.4542,0,0,0,0,0,0,0,0,0,0,0,1.95,0,20.0,0,379372
5070440,1,0020007910431251065004261450542B,2026-06-20 06:17:53,304212, , ,104319220151,0,0,0,0,57000,110000,0,0,120000,0,0,0,4,3:12,1011,18,"55,41     ",342,"11,49     ",353,"64,8      ",331,"11,58     ",344,0         ,0,0         ,0,0,0,0,0,"50,8      ",22,"7,96      ",38,"3,83      ",176,"0,01      ",69,"2,83      ",96,"3,52      ",106,0,0,0,0,0,0,0,0,0,0,0,0,UCX31_x0001_|_x0007_:, ,"1,42      ","4,96      ","44,9      ",14,"4,15      ",94,"65,03     ",6:32      ,3,2026-06-21 05:51:10,11014981.0,MAREESWARAN ,1,104339022020,104319220140,,AUTOMODE_TS1,BV141E2,34,2,,OK,,0,0,0020007910431251065004261450542B,1.15358,1.15547,1.15233,5,5,2.20479,6.37964,4.11258,1,1.2,1.2,1.2,1,1.2,0.5,12,0.5,12,0.5,12,302975,2026-06-21 05:48:13,11014981,MAREESWARAN ,13616,104339022020,104319220140,140HPW501   ,,AUTOMODE,BV141C,27,2,314526,OK,,0,0,9003102010431351065904261689894B,0020007910431251065004261450542B,00200045104311520066-7261632219A,OK,OK,OK,OK,304272,2026-06-21 05:46:57,11014981.0,MAREESWARAN ,13616,104339022020,104319220140,140HPW501   ,AUTOMODE,BV141A,22,2,314526,OK,CA1,0,0,300050104312999991395364110336,OK,OK,0.39,0.434,0.5,0.39,0.437,0.5,OK,,00200045104311520066-7261632219A,OK,OK,202.9,145.2,52.6,146.3,0.0,1.26598,52.0662,53.1006,0.0816765,1.59269,55.4676,55.7733,56.2401,1.07851,57.618,0.204189,0,0,0,0,05ACA004,304932,2026-06-21 05:47:33,11014981.0,MAREESWARAN ,13616.0,104339022020,104319220140,140HPW501   ,AUTOMODE,BV141B,30,2.0,314526.0,OK,,,,00200045104311520066-7261632219A,OK,OK,,OK,OK,305029,2026-06-21 05:50:08,11014981.0,MAREESWARAN ,13616,104339022020,104319220140,,AUTOMODE,BV141D,35,2,314526,OK,CA13,,,0020007910431251065004261450542B,,0,145.2,6.0,-113.55,50.1,134,19.6,-223.35,59.6,-223.35,-113.71,-0.0150757,0.361877,41.3768,42.3884,5.0,24.3286,51.8258,52.3345,0,0,0,0,0,0,0,0,0,0,0,1.75,0,20.0,0,379163
5050370,1,0020007910431251065004261461711A,2026-06-13 21:48:49,306217, , ,104319220140,0,0,0,0,57000,110000,0,0,120000,0,0,0,6,4:47,1011,18,"54,53     ",232,"8,18      ",213,"51,69     ",219,"7,9       ",203,0         ,0,0         ,0,0,0,0,0,"43,24     ",310,"6,39      ",297,"6,39      ",20,"0,07      ",3,"2,03      ",225,"1,25      ",319,0,0,0,0,0,0,0,0,0,0,0,0,UCX31_x0001_|_x0007_:, ,"1,36      ","4,93      ","44,82     ",14,"4,44      ",93,"65,17     ",5:24      ,3,2026-06-11 05:24:57,11014086.0,BABU        ,1,104339022020,104319220140,,AUTOMODE_TS1,BV141E,40,2,,OK,,0,0,0020007910431251065004261461711A,1.17649,1.17459,1.17421,5,5,4.3725,4.68,5.2175,1,1.2,1.2,1.2,1,1.2,0.5,12,0.5,12,0.5,12,291891,2026-06-11 05:22:55,11014086,BABU        ,13616,104339022020,104319220140,140HPW501   ,,AUTOMODE,BV141C,22,2,304022,OK,,0,0,9003102010431351065904261555916B,0020007910431251065004261461711A,00200045104311520066-7261572732C,OK,OK,OK,OK,293136,2026-06-11 05:21:33,11014086.0,BABU        ,13616,104339022020,104319220140,140HPW501   ,AUTOMODE,BV141A,22,2,304022,OK,CA1,0,0,300050104312999991395364110336,OK,OK,0.39,0.446,0.5,0.39,0.444,0.5,OK,,00200045104311520066-7261572732C,OK,OK,202.9,145.2,52.6,146.3,0.0,2.32777,52.0458,53.5898,0.204189,1.91939,55.7453,56.153,56.2401,1.74909,57.5976,0.367542,0,0,0,0,05ACA005,293705,2026-06-11 05:22:15,11014086.0,BABU        ,13616.0,104339022020,104319220140,140HPW501   ,AUTOMODE,BV141B,29,2.0,304022.0,OK,,,,00200045104311520066-7261572732C,OK,OK,,OK,OK,293833,2026-06-11 05:23:39,11014086.0,BABU        ,13616,104339022020,104319220140,,AUTOMODE,BV141D,32,2,304022,OK,CA13,,,0020007910431251065004261461711A,,0,145.4,3.6,-113.55,50.1,134,19.6,-223.35,59.6,-223.35,-113.71,0.171789,0.940071,45.0,40.0,5.0,19.4433,52.2832,52.2838,0,0,0,0,0,0,0,0,0,0,0,1.81,0,20.0,0,363479
5037787,1,0020007910431251065004261461789A,2026-06-10 14:13:05,314116, , ,104319220151,0,0,0,0,57000,110000,0,0,120000,0,0,0,6,4:42,1011,18,"88,37     ",110,"15,34     ",141,"74,35     ",110,"15,52     ",120,0         ,0,0         ,0,0,0,0,0,"68,18     ",94,"13,12     ",104,"13,01     ",50,"0,1       ",8,"2,59      ",33,"1,79      ",6,0,0,0,0,0,0,0,0,0,0,0,0,UCX31_x0001_|_x0007_:, ,"1,36      ","4,97      ","45,28     ",3,"4,43      ",93,"65,03     ",5:13      ,3,2026-06-11 07:22:26,11014086.0,BABU        ,1,104339022020,104319220140,,AUTOMODE_TS1,BV141E,40,2,,OK,,0,0,0020007910431251065004261461789A,1.17712,1.1756,1.17434,5,5,4.8825,5.135,5.21,1,1.2,1.2,1.2,1,1.2,0.5,12,0.5,12,0.5,12,291979,2026-06-11 07:20:36,11014086,BABU        ,13616,104339022020,104319220140,140HPW501   ,,AUTOMODE,BV141C,45,2,304113,OK,,0,0,9003102010431351065904261570371B,0020007910431251065004261461789A,00200045104311520066-7261602627B,OK,OK,OK,OK,293225,2026-06-11 07:17:00,11014086.0,BABU        ,13616,104339022020,104319220140,140HPW501   ,AUTOMODE,BV141A,22,2,304113,OK,CA1,0,0,300050104312999991395364110336,OK,OK,0.39,0.435,0.5,0.39,0.464,0.5,OK,,00200045104311520066-7261602627B,OK,OK,202.9,145.2,52.6,146.3,-0.0408363,1.10263,52.0663,53.2943,0.0816765,1.30682,55.5492,55.8549,56.2401,1.00223,57.7047,0.163353,0,0,0,0,05ACA003,293795,2026-06-11 07:17:44,11014086.0,BABU        ,13616.0,104339022020,104319220140,140HPW501   ,AUTOMODE,BV141B,28,2.0,304113.0,OK,,,,00200045104311520066-7261602627B,OK,OK,,OK,OK,293923,2026-06-11 07:21:20,11014086.0,BABU        ,13616,104339022020,104319220140,,AUTOMODE,BV141D,32,2,304113,OK,CA13,,,0020007910431251065004261461789A,,0,146.3,3.7,-113.55,50.1,134,19.6,-223.35,59.6,-223.35,-113.71,0.4435,1.40981,45.0,40.6092,5.0,19.3453,52.2581,52.276,0,0,0,0,0,0,0,0,0,0,0,2.07,0,20.0,0,363719
5038956,1,0020007910431251065004261462060B,2026-06-10 20:23:53,314116, , ,104319220151,0,0,0,0,57000,110000,0,0,120000,0,0,0,4,3:35,1011,18,"102,35    ",189,"16,23     ",176,"35,93     ",202,"1,17      ",120,0         ,0,0         ,0,0,0,0,0,"32,93     ",194,"0,18      ",351,"34,26     ",161,"5,93      ",152,"3,85      ",78,"5,41      ",79,0,0,0,0,0,0,0,0,0,0,0,0,UCX31_x0001_|_x0007_:, ,"1,44      ","5,03      ","45,27     ",3,"3,96      ",93,"65,03     ",4:06      ,3,2026-06-11 09:26:11,11014086.0,BABU        ,1,104339022021,104319220151,,AUTOMODE_TS1,BV141E2,38,1,,OK,,0,0,0020007910431251065004261462060B,1.16503,1.1556,1.15006,5,5,3.38204,6.79042,5.26946,1,1.2,1.2,1.2,1,1.2,0.5,12,0.5,12,0.5,12,292052,2026-06-11 09:24:01,11014981,MAREESWARAN ,13616,104339022021,104319220151,160HP Z101  ,,AUTOMODE,BV141C,25,1,304189,OK,,0,0,9003102010431351065904261570302B,0020007910431251065004261462060B,00200045104311520066-7261602383A,OK,OK,OK,OK,293299,2026-06-11 09:21:49,11014981.0,MAREESWARAN ,13616,104339022021,104319220151,160HP Z101  ,AUTOMODE,BV141A,22,1,304189,OK,CA1,0,0,1020104313020080004674879488,OK,OK,0.39,0.438,0.5,0.39,0.442,0.5,OK,,00200045104311520066-7261602383A,OK,OK,202.9,145.2,52.6,146.3,0.0,0.898438,52.4818,53.2996,0.0816765,1.34766,55.7711,56.1787,56.2832,1.34766,57.7202,0.245029,0,0,0,0,05ACA010,293870,2026-06-11 09:22:45,11014981.0,MAREESWARAN ,13616.0,104339022021,104319220151,160HP Z101  ,AUTOMODE,BV141B,29,1.0,304189.0,OK,,,,00200045104311520066-7261602383A,OK,OK,,OK,OK,293998,2026-06-11 09:25:03,11014981.0,MAREESWARAN ,13616,104339022021,104319220151,,AUTOMODE,BV141D,33,1,304189,OK,CA13,,,0020007910431251065004261462060B,,0,145.5,4.4,-113.55,50.1,134,19.6,-223.2,59.6,-223.2,-113.71,0.474415,1.3118,45.0,40.0068,5.0,26.3566,51.8871,52.0243,0,0,0,0,0,0,0,0,0,0,0,3.38,0,20.0,0,363813
5041155,1,0020007910431251065004261462209B,2026-06-11 12:30:19,306217, , ,104319220151,0,0,0,0,57000,110000,0,0,120000,0,0,0,5,4:01,1011,18,"39,18     ",10,"15,22     ",9,"61,44     ",3,"14,42     ",353,0         ,0,0         ,0,0,0,0,0,"56,89     ",96,"12,16     ",89,"13,62     ",292,"0,1       ",182,"3,16      ",138,"5,18      ",177,0,0,0,0,0,0,0,0,0,0,0,0,UCX31_x0001_|_x0007_:, ,"1,36      ","4,92      ","44,9      ",14,"3,83      ",93,"65,17     ",4:38      ,3,2026-06-12 10:04:13,11014981.0,MAREESWARAN ,1,104339022021,104319220151,,AUTOMODE_TS1,BV141E2,38,1,,OK,,0,0,0020007910431251065004261462209B,1.15069,1.16302,1.15082,5,5,2.24192,6.72455,4.3976,1,1.2,1.2,1.2,1,1.2,0.5,12,0.5,12,0.5,12,293195,2026-06-12 09:53:57,11014981,MAREESWARAN ,13616,104339022021,104319220151,160HP Z101  ,,AUTOMODE,BV141C,28,1,305396,OK,,0,0,9003102010431351065904261603729A,0020007910431251065004261462209B,00200045104311520066-7261592072B,OK,OK,OK,OK,294481,2026-06-12 09:52:31,11014981.0,MAREESWARAN ,13616,104339022021,104319220151,160HP Z101  ,AUTOMODE,BV141A,22,1,305396,OK,CA1,0,0,1020104313020080004674879488,OK,OK,0.39,0.43,0.5,0.39,0.434,0.5,OK,,00200045104311520066-7261592072B,OK,OK,202.9,145.2,52.6,146.3,0.0,1.14346,52.0767,53.1035,0.0816765,2.0419,55.3558,55.6615,56.2401,1.19223,57.6157,0.204189,0,0,0,0,05ACA004,295070,2026-06-12 09:53:13,11014981.0,MAREESWARAN ,13616.0,104339022021,104319220151,160HP Z101  ,AUTOMODE,BV141B,28,1.0,305396.0,OK,,,,00200045104311520066-7261592072B,OK,OK,,OK,OK,295188,2026-06-12 09:54:43,11014981.0,MAREESWARAN ,13616,104339022021,104319220151,,AUTOMODE,BV141D,33,1,305396,OK,CA13,,,0020007910431251065004261462209B,,0,145.1,4.3,-113.55,50.1,134,19.6,-223.2,59.6,-223.2,-113.71,0.289786,1.33987,45.0,40.0,5.0,23.5747,51.785,51.8311,0,0,0,0,0,0,0,0,0,0,0,3.41,0,20.0,0,365648
5041179,1,0020007910431251065004261462258B,2026-06-11 12:38:34,306217, , ,104319220151,0,0,0,0,57000,110000,0,0,120000,0,0,0,6,4:53,1011,18,"59,71     ",206,"14,57     ",189,"55,11     ",191,"12,89     ",183,0         ,0,0         ,0,0,0,0,0,"45,18     ",282,"11,56     ",273,"7,7       ",355,"0,08      ",81,"6,66      ",197,"5,61      ",207,0,0,0,0,0,0,0,0,0,0,0,0,UCX31_x0001_|_x0007_:, ,"1,29      ","4,93      ","45,2      ",14,"4,32      ",93,"65,12     ",5:30      ,3,2026-06-12 08:49:19,11014981.0,MAREESWARAN ,1,104339022021,104319220151,,AUTOMODE_TS1,BV141E,45,1,,OK,,0,0,0020007910431251065004261462258B,1.17421,1.17257,1.17332,5,5,4.31,5.035,5.525,1,1.2,1.2,1.2,1,1.2,0.5,12,0.5,12,0.5,12,293125,2026-06-12 08:47:21,11014981,MAREESWARAN ,13616,104339022021,104319220151,160HP Z101  ,,AUTOMODE,BV141C,21,1,305320,OK,,0,0,9003102010431351065904261603602A,0020007910431251065004261462258B,00200045104311520066-7261572473B,OK,OK,OK,OK,294408,2026-06-12 08:46:05,11014981.0,MAREESWARAN ,13616,104339022021,104319220151,160HP Z101  ,AUTOMODE,BV141A,22,1,305320,OK,CA1,0,0,1020104313020080004674879488,OK,OK,0.39,0.424,0.5,0.39,0.433,0.5,OK,,00200045104311520066-7261572473B,OK,OK,202.9,145.2,52.6,146.3,-0.0408363,2.20526,52.1455,53.585,0.163353,1.42337,55.738,56.2401,56.2475,1.42933,57.5852,0.285866,0,0,0,0,05ACA003,294995,2026-06-12 08:46:47,11014981.0,MAREESWARAN ,13616.0,104339022021,104319220151,160HP Z101  ,AUTOMODE,BV141B,29,1.0,305320.0,OK,,,,00200045104311520066-7261572473B,OK,OK,,OK,OK,295114,2026-06-12 08:48:07,11014981.0,MAREESWARAN ,13616,104339022021,104319220151,,AUTOMODE,BV141D,33,1,305320,OK,CA14,,,0020007910431251065004261462258B,,0,145.8,4.5,-113.55,50.1,134,19.6,-223.2,59.6,-223.2,-113.71,0.391179,1.78045,45.0,40.0,5.0,24.6905,51.8644,51.9251,0,0,0,0,0,0,0,0,0,0,0,3.31,0,20.0,0,365561
5036942,1,0020007910431251065004261462596C,2026-06-10 09:36:11,306217, , ,104319220140,0,0,0,0,57000,110000,0,0,120000,0,0,0,6,4:52,1011,18,"43,05     ",81,"12,4      ",76,"53,77     ",75,"11,62     ",62,0         ,0,0         ,0,0,0,0,0,"46,84     ",169,"9,71      ",157,"5,56      ",2,"0,03      ",68,"2,93      ",101,"1,34      ",82,0,0,0,0,0,0,0,0,0,0,0,0,UCX31_x0001_|_x0007_:, ,"1,39      ","4,93      ","45,48     ",14,"4,62      ",93,"65,17     ",5:29      ,3,2026-06-12 22:51:15,11014890.0,SUDALAI     ,1,104339022021,104319220151,,AUTOMODE_TS1,BV141E,45,2,,OK,,0,0,0020007910431251065004261462596C,1.17535,1.1732,1.17396,5,5,4.3175,4.2425,4.665,1,1.2,1.2,1.2,1,1.2,0.5,12,0.5,12,0.5,12,293819,2026-06-12 22:48:51,11014890,SUDALAI     ,13616,104339022021,104319220151,160HP Z101  ,,AUTOMODE,BV141C,25,2,306047,OK,,0,0,9003102010431351065904261592853B,0020007910431251065004261462596C,00200045104311520066-7261612991C,OK,OK,OK,OK,295119,2026-06-12 22:47:17,11014890.0,SUDALAI     ,13616,104339022021,104319220151,160HP Z101  ,AUTOMODE,BV141A,22,2,306047,OK,CA1,0,0,1020104313020080004674879488,OK,OK,0.39,0.402,0.5,0.39,0.419,0.5,OK,,00200045104311520066-7261612991C,OK,OK,202.9,145.2,52.6,146.3,0.0,1.02095,52.1659,53.1927,0.0816765,2.00106,55.3533,55.659,57.812,12.2514,57.2005,0.367542,0,0,0,0,05ACA006,295715,2026-06-12 22:47:59,11014890.0,SUDALAI     ,13616.0,104339022021,104319220151,160HP Z101  ,AUTOMODE,BV141B,28,2.0,306047.0,OK,,,,00200045104311520066-7261612991C,OK,OK,,OK,OK,295830,2026-06-12 22:50:01,11014890.0,SUDALAI     ,13616,104339022021,104319220151,,AUTOMODE,BV141D,35,2,306047,OK,CA13,,,0020007910431251065004261462596C,,0,145.1,4.0,-113.55,50.1,134,19.6,-223.2,59.6,-223.2,-113.71,0.508834,1.41428,45.0,40.0,5.0,23.0771,51.9102,52.0219,0,0,0,0,0,0,0,0,0,0,0,3.4,0,20.0,0,366520
5045178,1,0020007910431251065004261464837B,2026-06-12 14:56:48,306217, , ,104319220151,0,0,0,0,57000,110000,0,0,120000,0,0,0,5,4:10,1011,18,"54,71     ",126,"9,92      ",129,"56,87     ",104,"9,04      ",116,0         ,0,0         ,0,0,0,0,0,"48,36     ",195,"7,84      ",209,"8,78      ",302,"0,09      ",80,"3,77      ",120,"3,01      ",156,0,0,0,0,0,0,0,0,0,0,0,0,UCX31_x0001_|_x0007_:, ,"1,27      ","4,95      ","45,02     ",14,"4,39      ",93,"65,03     ",4:46      ,3,2026-06-13 07:35:07,11014890.0,SUDALAI     ,1,104339022020,104319220140,,AUTOMODE_TS1,BV141E,40,2,,OK,,0,0,0020007910431251065004261464837B,1.17547,1.17282,1.17737,5,5,5.1575,5.1525,6.265,1,1.2,1.2,1.2,1,1.2,0.5,12,0.5,12,0.5,12,294230,2026-06-13 07:30:53,11014890,SUDALAI     ,13616,104339022020,104319220140,140HPW501   ,,AUTOMODE,BV141C,22,2,306476,OK,,0,0,9003102010431351065904261592680B,0020007910431251065004261464837B,00200045104311520066-7261572252A,OK,OK,OK,OK,295533,2026-06-13 07:29:33,11014890.0,SUDALAI     ,13616,104339022020,104319220140,140HPW501   ,AUTOMODE,BV141A,28,2,306476,OK,CA1,0,0,300050104312999991395364110336,OK,OK,0.39,0.417,0.5,0.39,0.399,0.5,OK,,00200045104311520066-7261572252A,OK,OK,202.9,145.2,52.6,146.3,-0.0408401,0.530895,52.3036,53.1291,0.0408363,1.51101,54.9865,55.598,57.6439,2.65447,57.1292,0.285866,0,0,0,0,05ACA004,296137,2026-06-13 07:30:17,11014890.0,SUDALAI     ,13616.0,104339022020,104319220140,140HPW501   ,AUTOMODE,BV141B,28,2.0,306476.0,OK,CA4,,,00200045104311520066-7261572252A,OK,OK,,OK,OK,296250,2026-06-13 07:31:37,11014890.0,SUDALAI     ,13616,104339022020,104319220140,,AUTOMODE,BV141D,32,2,306476,OK,CA13,,,0020007910431251065004261464837B,,0,145.0,4.1,-113.55,50.1,134,19.6,-223.35,59.6,-223.35,-113.71,0.209028,1.15567,45.0,40.0,5.0,22.1121,51.7953,51.8387,0,0,0,0,0,0,0,0,0,0,0,1.59,0,20.0,0,367512
5067280,1,0020007910431251065004261465199C,2026-06-19 04:27:56,314116, , ,104319220151,0,0,0,0,57000,110000,0,0,120000,0,0,0,5,3:48,1011,18,"107,38    ",92,"14,78     ",106,"74,68     ",89,"12,63     ",96,0         ,0,0         ,0,0,0,0,0,"69,37     ",73,"12,24     ",72,"17,38     ",58,"0,06      ",195,"1,97      ",145,"2,31      ",139,0,0,0,0,0,0,0,0,0,0,0,0,UCX31_x0001_|_x0007_:, ,"1,34      ",5         ,"45,28     ",3,"5,37      ",93,"65,17     ",4:25      ,3,2026-06-20 08:44:20,11014981.0,MAREESWARAN ,1,104339022021,104319220151,,AUTOMODE_TS1,BV141E2,38,1,,OK,,0,0,0020007910431251065004261465199C,1.14667,1.14591,1.14742,5,5,2.5521,6.51737,3.01078,1,1.2,1.2,1.2,1,1.2,0.5,12,0.5,12,0.5,12,301910,2026-06-20 08:41:52,11014981,MAREESWARAN ,13616,104339022021,104319220151,160HP Z101  ,,AUTOMODE,BV141C,19,1,313437,OK,,0,0,9003102010431351065904261665934B,0020007910431251065004261465199C,00200045104311520066-7261472206C,OK,OK,OK,OK,303195,2026-06-20 08:40:38,11014981.0,MAREESWARAN ,13616,104339022021,104319220151,160HP Z101  ,AUTOMODE,BV141A,23,1,313437,OK,CA1,0,0,1020104313020080004674879488,OK,OK,0.39,0.427,0.5,0.39,0.448,0.5,OK,,00200045104311520066-7261472206C,OK,OK,202.9,145.2,52.6,146.3,-0.0816765,1.75604,52.5274,53.1414,0.0816765,1.7152,55.5084,55.7148,57.6614,1.83772,57.5594,0.204189,0,0,0,0,05ACA005,303850,2026-06-20 08:41:18,11014981.0,MAREESWARAN ,13616.0,104339022021,104319220151,160HP Z101  ,AUTOMODE,BV141B,28,1.0,313437.0,OK,,,,00200045104311520066-7261472206C,OK,OK,,OK,OK,303950,2026-06-20 08:43:14,11014981.0,MAREESWARAN ,13616,104339022021,104319220151,,AUTOMODE,BV141D,34,1,313437,OK,CA13,,,0020007910431251065004261465199C,,0,145.3,3.8,-113.55,50.1,134,19.6,-223.2,59.6,-223.2,-113.71,0.113538,0.467422,45.0,40.5203,5.0,25.7761,52.0015,52.0803,0,0,0,0,0,0,0,0,0,0,0,3.3,0,20.0,0,377974
5102219,1,0020007910431251065004261473674B,2026-06-30 09:17:03,314116, , ,104319220151,0,0,0,0,57000,110000,0,0,120000,0,0,0,6,4:29,1011,18,"80,03     ",25,"15,38     ",34,"72,8      ",34,"15,98     ",28,0         ,0,0         ,0,0,0,0,0,"70,31     ",16,"13,67     ",6,"11,63     ",311,"0,04      ",42,"1,2       ",145,"1,51      ",119,0,0,0,0,0,0,0,0,0,0,0,0,UCX31_x0001_|_x0007_:, ,"1,33      ","4,97      ","45,57     ",3,"3,76      ",93,"65,17     ",5:00      ,3,2026-06-23 19:01:09,11014981.0,MAREESWARAN ,1,104339022021,104319220151,,AUTOMODE_TS1,BV141E,45,1,,OK,,0,0,0020007910431251065004261473674B,1.17699,1.17649,1.17383,5,5,3.9625,4.725,6.6375,1,1.2,1.2,1.2,1,1.2,0.5,12,0.5,12,0.5,12,305124,2026-06-23 18:58:01,11014981,MAREESWARAN ,13616,104339022021,104319220151,160HP Z101  ,,AUTOMODE,BV141C,19,1,316771,OK,,0,0,9003102010431351065904261690399A,0020007910431251065004261473674B,00200045104311520066-7261682413B,OK,OK,OK,OK,306461,2026-06-23 18:56:33,11014981.0,MAREESWARAN ,13616,104339022021,104319220151,160HP Z101  ,AUTOMODE,BV141A,22,1,316771,OK,CA1,0,0,1020104313020080004674879488,OK,OK,0.39,0.411,0.5,0.39,0.402,0.5,OK,,00200045104311520066-7261682413B,OK,OK,202.9,145.2,52.6,146.3,0.0,1.96022,52.0325,53.0542,0.204189,3.2262,55.1154,55.8314,57.6811,4.32883,57.4773,0.490055,0,0,0,0,05ACA004,307153,2026-06-23 18:57:11,11014981.0,MAREESWARAN ,13616.0,104339022021,104319220151,160HP Z101  ,AUTOMODE,BV141B,29,1.0,316771.0,OK,,,,00200045104311520066-7261682413B,OK,OK,,OK,OK,307232,2026-06-23 18:59:59,11014981.0,MAREESWARAN ,13616,104339022021,104319220151,,AUTOMODE,BV141D,38,1,316771,OK,CA13,,,0020007910431251065004261473674B,,0,145.0,6.8,-113.55,50.1,134,19.6,-223.2,59.6,-223.2,-113.71,-0.00754166,0.527737,40.0555,41.606,5.0,24.9996,52.2757,52.3832,0,0,0,0,0,0,0,0,0,0,0,3.48,0,20.0,0,381683
5080617,1,0020007910431251065004261484546A,2026-06-23 17:18:25,304212, , ,104319220140,0,0,0,0,57000,110000,0,0,120000,0,0,0,5,4:01,1011,18,"55,33     ",257,"8,77      ",280,"55,2      ",248,"7,24      ",259,0         ,0,0         ,0,0,0,0,0,"38,11     ",356,"4,82      ",10,"7,06      ",200,"0,06      ",266,"5,72      ",44,"5,5       ",61,0,0,0,0,0,0,0,0,0,0,0,0,UCX31_x0001_|_x0007_:, ,"1,51      ","4,98      ","45,39     ",14,4         ,94,"64,79     ",4:35      ,3,2026-06-28 10:21:06,11014981.0,MAREESWARAN ,1,104339022020,104319220140,,AUTOMODE_TS1,BV141E,40,1,,OK,,0,0,0020007910431251065004261484546A,1.17813,1.17611,1.17712,5,5,6.6075,6.22,9.23,1,1.2,1.2,1.2,1,1.2,0.5,12,0.5,12,0.5,12,313013,2026-06-28 10:16:42,11014086,BABU        ,13616,104339022020,104319220140,140HPW501   ,,AUTOMODE,BV141C,31,1,322322,OK,,0,0,9003102010431351065904261758274B,0020007910431251065004261484546A,00200045104311520066-7261760761C,OK,OK,OK,OK,314416,2026-06-28 10:15:02,11014086.0,BABU        ,13616,104339022020,104319220140,140HPW501   ,AUTOMODE,BV141A,22,1,322322,OK,CA1,0,0,300050104312999991395364110336,OK,OK,0.39,0.448,0.5,0.39,0.455,0.5,OK,,00200045104311520066-7261760761C,OK,OK,202.9,145.2,52.6,146.3,0.0,1.7152,52.1194,53.1462,0.122513,2.24609,55.4036,55.8113,57.554,2.45028,57.3477,0.408382,0,0,0,0,05ACA001,314181,2026-06-28 10:15:38,11014086.0,BABU        ,13616.0,104339022020,104319220140,140HPW501   ,AUTOMODE,BV141B,26,1.0,322322.0,OK,,,,00200045104311520066-7261760761C,OK,OK,,OK,OK,315222,2026-06-28 10:20:00,11014086.0,BABU        ,13616,104339022020,104319220140,,AUTOMODE,BV141D,37,1,322322,OK,CA13,,,0020007910431251065004261484546A,,0,147.1,7.9,-113.55,50.1,134,19.6,-223.35,59.6,-223.35,-113.71,0.411259,1.56514,45.0,40.0,5.0,25.7083,51.5403,51.6533,0,0,0,0,0,0,0,0,0,0,0,1.71,0,20.0,0,390868
5092535,1,0020007910431251065004261484734A,2026-06-27 01:12:35,304212, , ,104319220140,0,0,0,0,57000,110000,0,0,120000,0,0,0,5,3:52,1011,18,"79,65     ",245,"18,81     ",257,"66,3      ",248,"17,84     ",260,0         ,0,0         ,0,0,0,0,0,"60,86     ",217,"26,26     ",240,"22,05     ",207,"0,02      ",6,"2,17      ",111,"3,41      ",149,0,0,0,0,0,0,0,0,0,0,0,0,UCX31_x0001_|_x0007_:, ,"1,52      ","4,91      ","44,84     ",14,"4,17      ",93,"65,03     ",4:18      ,3,2026-06-28 09:13:53,11014981.0,MAREESWARAN ,1,104339022020,104319220140,,AUTOMODE_TS1,BV141E,41,1,,OK,,0,0,0020007910431251065004261484734A,1.17649,1.17611,1.17598,5,5,4.2375,5.1625,8.715,1,1.2,1.2,1.2,1,1.2,0.5,12,0.5,12,0.5,12,312971,2026-06-28 09:11:45,11014086,BABU        ,13616,104339022020,104319220140,140HPW501   ,,AUTOMODE,BV141C,34,1,322276,OK,,0,0,9003102010431351065904261758263B,0020007910431251065004261484734A,00200045104311520066-7261761499B,OK,OK,OK,OK,314371,2026-06-28 09:08:41,11014086.0,BABU        ,13616,104339022020,104319220140,140HPW501   ,AUTOMODE,BV141A,23,1,322276,OK,CA1,0,0,300050104312999991395364110336,OK,OK,0.39,0.445,0.5,0.39,0.435,0.5,OK,,00200045104311520066-7261761499B,OK,OK,202.9,145.2,52.6,146.3,-0.0408401,1.47017,52.0914,52.7054,0.0816727,1.30682,54.866,55.3781,57.7451,6.00319,57.4394,0.0816727,0,0,0,0,05ACA008,314135,2026-06-28 09:09:15,11014086.0,BABU        ,13616.0,104339022020,104319220140,140HPW501   ,AUTOMODE,BV141B,26,1.0,322276.0,OK,,,,00200045104311520066-7261761499B,OK,OK,,OK,OK,315177,2026-06-28 09:12:35,11014086.0,BABU        ,13616,104339022020,104319220140,,AUTOMODE,BV141D,37,1,322276,OK,CA13,,,0020007910431251065004261484734A,,0,147.3,8.4,-113.55,50.1,134,19.6,-223.35,59.6,-223.35,-113.71,0.186443,0.996008,45.0,40.0,5.0,25.8741,51.5029,51.5715,0,0,0,0,0,0,0,0,0,0,0,1.69,0,20.0,0,390804
5070362,1,0020007910431251065004261485130B,2026-06-20 05:44:58,304212, , ,104319220151,0,0,0,0,57000,110000,0,0,120000,0,0,0,6,4:32,1011,18,"59,19     ",236,"14,37     ",237,"54,71     ",218,"14,94     ",228,0         ,0,0         ,0,0,0,0,0,"42,91     ",265,"9,92      ",282,"4,65      ",6,"0,06      ",207,"2,18      ",128,"1,59      ",101,0,0,0,0,0,0,0,0,0,0,0,0,UCX31_x0001_|_x0007_:, ,"1,42      ","4,97      ","44,96     ",14,"4,31      ",94,"64,88     ",5:04      ,3,2026-06-21 08:44:59,11014981.0,MAREESWARAN ,1,104339022020,104319220140,,AUTOMODE_TS1,BV141E,41,1,,OK,,0,0,0020007910431251065004261485130B,1.17674,1.17206,1.17623,5,5,3.8,3.72,4.8325,1,1.2,1.2,1.2,1,1.2,0.5,12,0.5,12,0.5,12,303077,2026-06-21 08:42:41,11014981,MAREESWARAN ,13616,104339022020,104319220140,140HPW501   ,,AUTOMODE,BV141C,17,1,314629,OK,,0,0,9003102010431351065904261677698B,0020007910431251065004261485130B,00200045104311520066-7261632086A,OK,OK,OK,OK,304375,2026-06-21 08:39:07,11014981.0,MAREESWARAN ,13616,104339022020,104319220140,140HPW501   ,AUTOMODE,BV141A,28,1,314629,OK,CA1,0,0,300050104312999991395364110336,OK,OK,0.39,0.436,0.5,0.39,0.442,0.5,OK,,00200045104311520066-7261632086A,OK,OK,202.9,145.2,52.6,146.3,-0.0408363,1.91939,52.0731,53.0974,0.122517,1.91939,55.556,55.8643,56.2401,1.35319,57.6147,0.245029,0,0,0,0,05ACA003,305035,2026-06-21 08:41:01,11014981.0,MAREESWARAN ,13616.0,104339022020,104319220140,140HPW501   ,AUTOMODE,BV141B,29,1.0,314629.0,OK,,,,00200045104311520066-7261632086A,OK,OK,,OK,OK,305132,2026-06-21 08:43:53,11014981.0,MAREESWARAN ,13616,104339022020,104319220140,,AUTOMODE,BV141D,35,1,314629,OK,CA13,,,0020007910431251065004261485130B,,0,145.5,5.9,-113.55,50.1,134,19.6,-223.35,59.6,-223.35,-113.71,0.128166,0.520199,44.9149,40.1999,5.0,20.9737,52.321,52.4158,0,0,0,0,0,0,0,0,0,0,0,1.68,0,20.0,0,379265
5063587,1,0020007910431251065004261485536B,2026-06-18 04:43:37,306217, , ,104319220140,0,0,0,0,57000,110000,0,0,120000,0,0,0,6,4:59,1011,18,"59,63     ",23,"8,66      ",1,"47,63     ",342,"7,01      ",340,0         ,0,0         ,0,0,0,0,0,"38,33     ",71,"6,63      ",82,"19,35     ",165,"0,1       ",356,"2,43      ",122,"4,22      ",124,0,0,0,0,0,0,0,0,0,0,0,0,UCX31_x0001_|_x0007_:, ,"1,36      ","4,9       ","45,16     ",14,"4,52      ",93,"65,1      ",5:36      ,3,2026-06-18 13:10:35,11014981.0,MAREESWARAN ,1,104339022021,104319220151,,AUTOMODE_TS1,BV141E2,38,1,,OK,,0,0,0020007910431251065004261485536B,1.1522,1.15774,1.1478,5,5,2.4479,5.55569,3.71257,1,1.2,1.2,1.2,1,1.2,0.5,12,0.5,12,0.5,12,300363,2026-06-18 13:08:11,11014981,MAREESWARAN ,13616,104339022021,104319220151,160HP Z101  ,,AUTOMODE,BV141C,30,1,311941,OK,,0,0,9003102010431351065904261643687A,0020007910431251065004261485536B,00200045104311520066-7261673009C,OK,OK,OK,OK,301724,2026-06-18 13:05:15,11014981.0,MAREESWARAN ,13616,104339022021,104319220151,160HP Z101  ,AUTOMODE,BV141A,29,1,311941,OK,CA1,0,0,1020104313020080004674879488,OK,OK,0.39,0.409,0.5,0.39,0.426,0.5,OK,,00200045104311520066-7261673009C,OK,OK,202.9,145.2,52.6,146.3,0.0,1.79688,52.0351,53.6709,0.163353,1.7152,55.8264,56.2366,56.2401,1.71236,57.6761,0.326706,0,0,0,0,05ACA005,302366,2026-06-18 13:05:57,11014981.0,MAREESWARAN ,13616.0,104339022021,104319220151,160HP Z101  ,AUTOMODE,BV141B,28,1.0,311941.0,OK,,,,00200045104311520066-7261673009C,OK,OK,,OK,OK,302464,2026-06-18 13:09:29,11014981.0,MAREESWARAN ,13616,104339022021,104319220151,,AUTOMODE,BV141D,37,1,311941,OK,CA13,,,0020007910431251065004261485536B,,0,146.2,4.9,-113.55,50.1,134,19.6,-223.2,59.6,-223.2,-113.71,0.350125,1.05547,45.0,40.1875,5.0,26.0475,51.9496,52.0399,0,0,0,0,0,0,0,0,0,0,0,3.36,0,20.0,0,376334
5083042,1,0020007910431251065004261485859C,2026-06-24 09:25:40,306217, , ,104319220151,0,0,0,0,57000,110000,0,0,120000,0,0,0,6,5:03,1011,18,"71,79     ",133,"12,24     ",114,"56,28     ",149,"8,87      ",156,0         ,0,0         ,0,0,0,0,0,"45,08     ",249,"8,3       ",247,"19,33     ",209,"4,37      ",157,"4,03      ",18,"2,15      ",35,0,0,0,0,0,0,0,0,0,0,0,0,UCX31_x0001_|_x0007_:, ,"1,31      ","4,93      ","45,16     ",14,"4,26      ",93,"65,1      ",5:54      ,3,2026-06-25 13:11:18,11014981.0,MAREESWARAN ,1,104339022020,104319220140,,AUTOMODE_TS1,BV141E2,34,1,,OK,,0,0,0020007910431251065004261485859C,1.1556,1.16327,1.15761,5,5,2.57365,6.97725,4.91138,1,1.2,1.2,1.2,1,1.2,0.5,12,0.5,12,0.5,12,307196,2026-06-25 13:07:58,11014981,MAREESWARAN ,13616,104339022020,104319220140,140HPW501   ,,AUTOMODE,BV141C,20,1,318916,OK,,0,0,9003102010431351065904261690165A,0020007910431251065004261485859C,00200045104311520066-7261742221B,OK,OK,OK,OK,308568,2026-06-25 13:06:48,11014981.0,MAREESWARAN ,13616,104339022020,104319220140,140HPW501   ,AUTOMODE,BV141A,21,1,318916,OK,CA1,0,0,300050104312999991395364110336,OK,OK,0.39,0.44,0.5,0.39,0.443,0.5,OK,,00200045104311520066-7261742221B,OK,OK,202.9,145.2,52.6,146.3,0.0,1.10263,52.0375,53.3752,0.0816765,1.87855,55.3294,55.9434,56.2401,1.36217,57.6811,0.204189,0,0,0,0,05ACA004,309281,2026-06-25 13:07:24,11014981.0,MAREESWARAN ,13616.0,104339022020,104319220140,140HPW501   ,AUTOMODE,BV141B,30,1.0,318916.0,OK,,,,00200045104311520066-7261742221B,OK,OK,,OK,OK,309344,2026-06-25 13:10:18,11014981.0,MAREESWARAN ,13616,104339022020,104319220140,,AUTOMODE,BV141D,38,1,318916,OK,CA13,,,0020007910431251065004261485859C,,0,145.1,9.9,-113.55,50.1,134,19.6,-223.35,59.6,-223.35,-113.71,0.0,0.49004,40.0602,40.7617,5.0,25.3087,52.2379,52.3802,0,0,0,0,0,0,0,0,0,0,0,1.66,0,20.0,0,384189
5064066,1,0020007910431251065004261486300A,2026-06-18 07:47:49,306217, , ,104319220140,0,0,0,0,57000,110000,0,0,120000,0,0,0,6,4:54,1011,18,"59,15     ",219,"10,06     ",222,"52,5      ",201,"9,76      ",206,0         ,0,0         ,0,0,0,0,0,"43,4      ",295,"8,22      ",301,"8,48      ",352,"0,04      ",30,"1,13      ",17,"1,85      ",10,0,0,0,0,0,0,0,0,0,0,0,0,UCX31_x0001_|_x0007_:, ,"1,29      ","4,94      ","45,19     ",14,"4,99      ",93,"65,1      ",5:31      ,3,2026-06-18 18:19:17,11014981.0,MAREESWARAN ,1,104339022021,104319220151,,AUTOMODE_TS1,BV141E,45,1,,OK,,0,0,0020007910431251065004261486300A,1.17585,1.17181,1.17332,5,5,3.3075,3.46,4.795,1,1.2,1.2,1.2,1,1.2,0.5,12,0.5,12,0.5,12,300650,2026-06-18 18:16:13,11014981,MAREESWARAN ,13616,104339022021,104319220151,160HP Z101  ,,AUTOMODE,BV141C,18,1,312233,OK,,0,0,9003102010431351065904261643891B,0020007910431251065004261486300A,00200045104311520066-7261632032A,OK,OK,OK,OK,302012,2026-06-18 18:14:09,11014981.0,MAREESWARAN ,13616,104339022021,104319220151,160HP Z101  ,AUTOMODE,BV141A,22,1,312233,OK,CA1,0,0,1020104313020080004674879488,OK,OK,0.39,0.393,0.5,0.39,0.401,0.5,OK,,00200045104311520066-7261632032A,OK,OK,202.9,145.2,52.6,146.3,0.0,1.87855,52.0839,52.9068,0.122513,1.51101,55.2738,55.5821,57.5337,4.81889,57.3299,0.204189,0,0,0,0,05ACA002,302658,2026-06-18 18:14:53,11014981.0,MAREESWARAN ,13616.0,104339022021,104319220151,160HP Z101  ,AUTOMODE,BV141B,28,1.0,312233.0,OK,,,,00200045104311520066-7261632032A,OK,OK,,OK,OK,302758,2026-06-18 18:18:05,11014981.0,MAREESWARAN ,13616,104339022021,104319220151,,AUTOMODE,BV141D,37,1,312233,OK,CA14,,,0020007910431251065004261486300A,,0,145.1,4.7,-113.55,50.1,134,19.6,-223.2,59.6,-223.2,-113.71,0.348816,0.746368,45.0,40.7845,5.0,25.9495,51.4616,51.5896,0,0,0,0,0,0,0,0,0,0,0,3.51,0,20.0,0,376645
5058428,1,0020007910431251065004261486440A,2026-06-16 22:50:55,306217, , ,104319220140,0,0,0,0,57000,110000,0,0,120000,0,0,0,6,4:49,1011,18,"53,93     ",60,9         ,51,"51,97     ",37,"7,84      ",45,0         ,0,0         ,0,0,0,0,0,"44,61     ",130,"7,17      ",135,"8,69      ",220,"0,09      ",84,"4,93      ",76,"5,28      ",91,0,0,0,0,0,0,0,0,0,0,0,0,UCX31_x0001_|_x0007_:, ,"1,4       ","4,93      ","45,19     ",14,"4,33      ",93,"65,13     ",5:25      ,3,2026-06-19 00:34:04,11014981.0,MAREESWARAN ,1,104339022019,104319220139,,AUTOMODE_TS1,BV141E2,32,2,,OK,,0,0,0020007910431251065004261486440A,1.15208,1.16264,1.14956,2,2,3.22994,6.58563,5.07784,1,1.2,1.2,1.2,1,1.2,0.5,12,0.5,12,0.5,12,300971,2026-06-19 00:31:38,11014981,MAREESWARAN ,13616,104339022019,104319220139,140HPW501   ,,AUTOMODE,BV141C,20,2,312559,OK,,0,0,6000102010431351066005261417106A,0020007910431251065004261486440A,00200045104311520066-7261622744B,OK,OK,OK,OK,302335,2026-06-19 00:30:24,11014981.0,MAREESWARAN ,13616,104339022019,104319220139,140HPW501   ,AUTOMODE,BV141A,29,2,312559,OK,CA1,0,0,300050104312999991395364110336,OK,OK,0.39,0.44,0.5,0.39,0.429,0.5,OK,,00200045104311520066-7261622744B,OK,OK,202.9,145.2,52.6,146.3,0.0,3.18537,52.1579,53.3834,0.0816765,3.87962,55.2204,56.0382,56.2401,2.91299,57.674,0.122513,0,0,0,0,05ACA004,302983,2026-06-19 00:31:06,11014981.0,MAREESWARAN ,13616.0,104339022019,104319220139,140HPW501   ,AUTOMODE,BV141B,29,2.0,312559.0,OK,,,,00200045104311520066-7261622744B,OK,OK,,OK,OK,303083,2026-06-19 00:33:04,11014981.0,MAREESWARAN ,13616,104339022019,104319220139,,AUTOMODE,BV141D,31,2,312559,OK,CA13,,,0020007910431251065004261486440A,,0,145.7,4.6,-113.55,49.8,134,19.6,-222.95,59.6,-222.95,-113.71,0.0829315,0.372304,44.8948,40.0,5.0,22.7153,52.1957,52.3422,0,0,0,0,0,0,0,0,0,0,0,1.78,0,20.0,0,377039
5067117,1,0020007910431251065004261486569B,2026-06-19 03:27:25,314116, , ,104319220151,0,0,0,0,57000,110000,0,0,120000,0,0,0,5,4:07,1011,18,"101,18    ",78,"12,6      ",117,"67,98     ",87,"11,04     ",102,0         ,0,0         ,0,0,0,0,0,"65,51     ",72,"10,55     ",82,"21,47     ",28,"0,06      ",345,"4,75      ",126,"4,16      ",127,0,0,0,0,0,0,0,0,0,0,0,0,UCX31_x0001_|_x0007_:, ,"1,31      ","5,01      ","45,05     ",3,"4,45      ",94,"65,16     ",4:38      ,3,2026-06-20 09:11:23,11014981.0,MAREESWARAN ,1,104339022021,104319220151,,AUTOMODE_TS1,BV141E,44,1,,OK,,0,0,0020007910431251065004261486569B,1.1775,1.17307,1.17307,5,5,4.615,4.46,5.2225,1,1.2,1.2,1.2,1,1.2,0.5,12,0.5,12,0.5,12,301943,2026-06-20 09:08:07,11014981,MAREESWARAN ,13616,104339022021,104319220151,160HP Z101  ,,AUTOMODE,BV141C,18,1,313470,OK,,0,0,9003102010431351065904261665933B,0020007910431251065004261486569B,00200045104311520066-7261672906C,OK,OK,OK,OK,303228,2026-06-20 09:06:55,11014981.0,MAREESWARAN ,13616,104339022021,104319220151,160HP Z101  ,AUTOMODE,BV141A,22,1,313470,OK,CA1,0,0,1020104313020080004674879488,OK,OK,0.39,0.435,0.5,0.39,0.448,0.5,OK,,00200045104311520066-7261672906C,OK,OK,202.9,145.2,52.6,146.3,0.0408401,1.87855,52.1119,53.0342,0.122517,1.96023,55.4165,55.7248,57.5694,4.77806,57.4675,0.285866,0,0,0,0,05ACA002,303883,2026-06-20 09:07:35,11014981.0,MAREESWARAN ,13616.0,104339022021,104319220151,160HP Z101  ,AUTOMODE,BV141B,28,1.0,313470.0,OK,,,,00200045104311520066-7261672906C,OK,OK,,OK,OK,303983,2026-06-20 09:10:11,11014981.0,MAREESWARAN ,13616,104339022021,104319220151,,AUTOMODE,BV141D,61,1,313470,OK,CA13,,,0020007910431251065004261486569B,,0,145.3,3.7,-113.55,50.1,134,19.6,-223.2,59.6,-223.2,-113.71,0.353467,1.33928,45.0,40.0,5.0,26.2511,51.6358,51.7502,0,0,0,0,0,0,0,0,0,0,0,3.69,0,20.0,1,378007
5019644,1,0020007910431251065004261486874C,2026-06-05 06:07:55,314116, , ,104319220151,0,0,0,0,57000,110000,0,0,120000,0,0,0,6,4:57,1011,18,"107,36    ",26,"16,5      ",43,"80,91     ",25,"15,58     ",25,0         ,0,0         ,0,0,0,0,0,"73,15     ",8,"13,59     ",2,"16,91     ",344,"0,02      ",117,"3,95      ",75,"5,92      ",69,0,0,0,0,0,0,0,0,0,0,0,0,UCX31_x0001_|_x0007_:, ,"1,32      ","5,02      ","45,02     ",3,"5,04      ",93,"65,17     ",5:28      ,3,2026-06-08 19:25:18,11014981.0,MAREESWARAN ,1,104339022019,104319220139,,AUTOMODE_TS1,BV141E2,32,1,,OK,,0,0,0020007910431251065004261486874C,1.16302,1.14893,1.15472,2,2,3.17485,6.24431,3.48263,1,1.2,1.2,1.2,1,1.2,0.5,12,0.5,12,0.5,12,289246,2026-06-08 19:22:46,11014981,MAREESWARAN ,13616,104339022019,104319220139,140HPW501   ,,AUTOMODE,BV141C,18,1,301262,OK,,0,0,6000102010431351066005261194503B,0020007910431251065004261486874C,00200045104311520066-7261562658B,OK,OK,OK,OK,290435,2026-06-08 19:21:08,11014981.0,MAREESWARAN ,13616,104339022019,104319220139,140HPW501   ,AUTOMODE,BV141A,22,1,301262,OK,CA1,0,0,300050104312999991395364110336,OK,OK,0.39,0.43,0.5,0.39,0.426,0.5,OK,,00200045104311520066-7261562658B,OK,OK,202.9,145.2,52.6,146.3,0.0,3.38956,52.3156,53.5462,0.0,4.08381,55.6889,56.2011,56.2401,3.80219,57.6355,0.122517,0,0,0,0,05ACA005,290977,2026-06-08 19:21:54,11014981.0,MAREESWARAN ,13616.0,104339022019,104319220139,140HPW501   ,AUTOMODE,BV141B,30,1.0,301262.0,OK,,,,00200045104311520066-7261562658B,OK,OK,,OK,OK,291117,2026-06-08 19:24:20,11014981.0,MAREESWARAN ,13616,104339022019,104319220139,,AUTOMODE,BV141D,33,1,301262,OK,CA13,,,0020007910431251065004261486874C,,0,145.7,4.1,-113.55,49.8,134,19.6,-222.95,59.6,-222.95,-113.71,0.71885,2.53944,45.0,40.0,5.0,18.908,52.3367,52.3198,0,0,0,0,0,0,0,0,0,0,0,1.71,0,20.0,0,359462
5022663,1,0020007910431251065004261497595B,2026-06-06 01:51:16,306217, , ,104319220151,0,0,0,0,57000,110000,0,0,120000,0,0,0,5,4:05,1011,18,"43,84     ",335,"7,99      ",317,"46,63     ",317,7         ,308,0         ,0,0         ,0,0,0,0,0,"40,98     ",49,"5,99      ",40,"4,53      ",181,"0,01      ",13,"2,39      ",67,"4,2       ",89,0,0,0,0,0,0,0,0,0,0,0,0,UCX31_x0001_|_x0007_:, ,"1,27      ","4,93      ","44,96     ",14,"3,87      ",93,"65,1      ",22:44     ,3,2026-06-08 13:24:37,11014981.0,MAREESWARAN ,1,104339022020,104319220140,,AUTOMODE_TS1,BV141E2,38,1,,OK,,0,0,0020007910431251065004261497595B,1.15409,1.14906,1.15145,5,5,2.79162,6.02994,3.96168,1,1.2,1.2,1.2,1,1.2,0.5,12,0.5,12,0.5,12,288955,2026-06-08 13:22:33,11014981,MAREESWARAN ,13616,104339022020,104319220140,140HPW501   ,,AUTOMODE,BV141C,23,1,300966,OK,,0,0,9003102010431351065904261555593B,0020007910431251065004261497595B,00200045104311520066-7261552209B,OK,OK,OK,OK,290141,2026-06-08 13:20:13,11014981.0,MAREESWARAN ,13616,104339022020,104319220140,140HPW501   ,AUTOMODE,BV141A,24,1,300966,OK,CA1,0,0,300050104312999991395364110336,OK,OK,0.39,0.463,0.5,0.39,0.435,0.5,OK,,00200045104311520066-7261552209B,OK,OK,202.9,145.2,52.6,146.3,0.0,2.45029,52.0764,53.4191,0.245029,2.81783,55.572,56.0842,56.2401,2.62914,57.7326,0.490059,0,0,0,0,05ACA005,290681,2026-06-08 13:20:55,11014981.0,MAREESWARAN ,13616.0,104339022020,104319220140,140HPW501   ,AUTOMODE,BV141B,30,1.0,300966.0,OK,,,,00200045104311520066-7261552209B,OK,OK,,OK,OK,290821,2026-06-08 13:23:31,11014981.0,MAREESWARAN ,13616,104339022020,104319220140,,AUTOMODE,BV141D,33,1,300966,OK,CA13,,,0020007910431251065004261497595B,,0,145.8,4.0,-113.55,50.1,134,19.6,-223.2,59.6,-223.2,-113.71,0.0527725,0.35043,44.768,40.0,5.0,18.8628,52.3045,52.2917,0,0,0,0,0,0,0,0,0,0,0,1.68,0,20.0,0,359158
5022650,1,0020007910431251065004261497621B,2026-06-06 01:28:32,306217, , ,104319220151,0,0,0,0,57000,110000,0,0,120000,0,0,0,5,4:01,1011,18,"48,83     ",130,"12,66     ",117,"53,87     ",119,"12,24     ",111,0         ,0,0         ,0,0,0,0,0,"46,95     ",211,"9,68      ",201,"3,28      ",11,"0,08      ",92,"5,47      ",78,"3,75      ",69,0,0,0,0,0,0,0,0,0,0,0,0,UCX31_x0001_|_x0007_:, ,"1,35      ","4,91      ","45,16     ",14,"4,05      ",93,"65,1      ",4:37      ,3,2026-06-08 13:22:27,11014981.0,MAREESWARAN ,1,104339022020,104319220140,,AUTOMODE_TS1,BV141E,44,1,,OK,,0,0,0020007910431251065004261497621B,1.17674,1.17257,1.17497,5,5,5.6025,5.855,7.6075,1,1.2,1.2,1.2,1,1.2,0.5,12,0.5,12,0.5,12,288952,2026-06-08 13:20:05,11014981,MAREESWARAN ,13616,104339022020,104319220140,140HPW501   ,,AUTOMODE,BV141C,26,1,300963,OK,,0,0,9003102010431351065904261555615B,0020007910431251065004261497621B,00200045104311520066-7261562552C,OK,OK,OK,OK,290138,2026-06-08 13:18:01,11014981.0,MAREESWARAN ,13616,104339022020,104319220140,140HPW501   ,AUTOMODE,BV141A,22,1,300963,OK,CA1,0,0,300050104312999991395364110336,OK,OK,0.39,0.429,0.5,0.39,0.432,0.5,OK,,00200045104311520066-7261562552C,OK,OK,202.9,145.2,52.6,146.3,-0.0408401,2.81783,52.1575,53.4977,0.245029,3.14453,55.6532,56.0609,56.2401,2.77411,57.6049,0.530895,0,0,0,0,05ACA010,290678,2026-06-08 13:18:45,11014981.0,MAREESWARAN ,13616.0,104339022020,104319220140,140HPW501   ,AUTOMODE,BV141B,30,1.0,300963.0,OK,,,,00200045104311520066-7261562552C,OK,OK,,OK,OK,290818,2026-06-08 13:21:17,11014981.0,MAREESWARAN ,13616,104339022020,104319220140,,AUTOMODE,BV141D,33,1,300963,OK,CA13,,,0020007910431251065004261497621B,,0,146.3,4.1,-113.55,50.1,134,19.6,-223.2,59.6,-223.2,-113.71,0.231446,1.36174,45.0,40.0,5.0,20.2726,52.3183,52.3147,0,0,0,0,0,0,0,0,0,0,0,1.64,0,20.0,0,359155
5102548,1,0020007910431251065004261508258B,2026-06-30 10:59:55,314116, , ,104319220151,0,0,0,0,57000,110000,0,0,120000,0,0,0,4,3:05,1011,18,"80,96     ",118,"19,68     ",143,"76,12     ",120,"18,87     ",131,0         ,0,0         ,0,0,0,0,0,"71,32     ",102,"16,99     ",109,"7,88      ",52,"0,09      ",268,"1,27      ",96,"1,83      ",118,0,0,0,0,0,0,0,0,0,0,0,0,UCX31_x0001_|_x0007_:, ,"1,44      ",5         ,"46,26     ",3,"4,87      ",93,"65,1      ",3:36      ,3,2026-06-27 01:10:04,11014981.0,MAREESWARAN ,1,104339022021,104319220151,,AUTOMODE_TS1,BV141E2,38,2,,OK,,0,0,0020007910431251065004261508258B,1.16214,1.15975,1.14629,5,5,2.14491,7.08503,4.02515,1,1.2,1.2,1.2,1,1.2,0.5,12,0.5,12,0.5,12,309022,2026-06-27 01:06:08,11014981,MAREESWARAN ,13616,104339022021,104319220151,160HP Z101  ,,AUTOMODE,BV141C,22,2,320798,OK,,0,0,9003102010431351065904261745707A,0020007910431251065004261508258B,00200045104311520066-7261672859C,OK,OK,OK,OK,310396,2026-06-27 01:03:56,11014981.0,MAREESWARAN ,13616,104339022021,104319220151,160HP Z101  ,AUTOMODE,BV141A,21,2,320798,OK,CA1,0,0,1020104313020080004674879488,OK,OK,0.39,0.483,0.5,0.39,0.468,0.5,OK,,00200045104311520066-7261672859C,OK,OK,202.9,145.2,52.6,146.3,-0.0408401,1.47017,52.1932,52.8073,0.0816727,1.51101,55.0596,55.3653,57.7374,9.71946,57.4316,0.122513,0,0,0,0,05ACA008,311139,2026-06-27 01:04:34,11014981.0,MAREESWARAN ,13616.0,104339022021,104319220151,160HP Z101  ,AUTOMODE,BV141B,28,2.0,320798.0,OK,,,,00200045104311520066-7261672859C,OK,OK,,OK,OK,311186,2026-06-27 01:08:58,11014981.0,MAREESWARAN ,13616,104339022021,104319220151,,AUTOMODE,BV141D,36,2,320798,OK,CA13,,,0020007910431251065004261508258B,,0,147.3,6.1,-113.55,50.1,134,19.6,-223.2,59.6,-223.2,-113.71,0.855123,2.16424,45.0,40.0,5.0,25.6178,51.6084,51.6914,0,0,0,0,0,0,0,0,0,0,0,3.49,0,20.0,0,386332
5098971,1,0020007910431251065004261508312B,2026-06-29 10:42:34,314116, , ,104319220151,0,0,0,0,57000,110000,0,0,120000,0,0,0,5,4:00,1011,18,"84,1      ",280,"31,53     ",289,"71,78     ",278,"31,21     ",279,0         ,0,0         ,0,0,0,0,0,"65,41     ",259,"28,05     ",258,"8,85      ",250,"0,06      ",133,"1,48      ",241,"1,57      ",247,0,0,0,0,0,0,0,0,0,0,0,0,UCX31_x0001_|_x0007_:, ,"1,48      ","4,98      ","47,04     ",3,"4,18      ",93,"65,1      ",4:31      ,3,2026-06-26 22:10:33,11014981.0,MAREESWARAN ,1,104339022021,104319220151,,AUTOMODE_TS1,BV141E,44,2,,OK,,0,0,0020007910431251065004261508312B,1.17737,1.17813,1.17446,5,5,5.24,6.3075,7.8175,1,1.2,1.2,1.2,1,1.2,0.5,12,0.5,12,0.5,12,308872,2026-06-26 22:08:21,11014981,MAREESWARAN ,13616,104339022021,104319220151,160HP Z101  ,,AUTOMODE,BV141C,27,2,320639,OK,,0,0,9003102010431351065904261745556A,0020007910431251065004261508312B,00200045104311520066-7261682215B,OK,OK,OK,OK,310244,2026-06-26 22:06:51,11014981.0,MAREESWARAN ,13616,104339022021,104319220151,160HP Z101  ,AUTOMODE,BV141A,22,2,320639,OK,CA1,0,0,1020104313020080004674879488,OK,OK,0.39,0.478,0.5,0.39,0.468,0.5,OK,,00200045104311520066-7261682215B,OK,OK,202.9,145.2,52.6,146.3,-0.0408401,1.22514,52.1761,53.2055,0.0816727,1.51101,55.5673,56.0795,56.2401,1.31961,57.7152,0.204189,0,0,0,0,05ACA003,310983,2026-06-26 22:07:29,11014981.0,MAREESWARAN ,13616.0,104339022021,104319220151,160HP Z101  ,AUTOMODE,BV141B,28,2.0,320639.0,OK,,,,00200045104311520066-7261682215B,OK,OK,,OK,OK,311031,2026-06-26 22:09:21,11014981.0,MAREESWARAN ,13616,104339022021,104319220151,,AUTOMODE,BV141D,37,2,320639,OK,CA13,,,0020007910431251065004261508312B,,0,147.3,6.2,-113.55,50.1,134,19.6,-223.2,59.6,-223.2,-113.71,0.991514,2.33708,45.0,40.0,5.0,25.271,52.2742,52.3932,0,0,0,0,0,0,0,0,0,0,0,3.44,0,20.0,0,386162
5101833,1,0020007910431251065004261508361B,2026-06-30 06:47:21,304212, , ,104319220151,0,0,0,0,57000,110000,0,0,120000,0,0,0,4,3:13,1011,18,"71,33     ",106,"13,01     ",141,"61,06     ",122,"9,62      ",142,0         ,0,0         ,0,0,0,0,0,"49,77     ",111,10        ,114,"15,9      ",25,"0,1       ",172,"3,85      ",47,"3,17      ",39,0,0,0,0,0,0,0,0,0,0,0,0,UCX31_x0001_|_x0007_:, ,"1,59      ","4,9       ","44,42     ",14,"4,47      ",94,"65,1      ",3:38      ,3,2026-06-30 17:08:05,10001376.0,DEEPAN.M    ,1,104339022020,104319220140,,AUTOMODE_TS1,BV141E2,34,1,,OK,,0,0,0020007910431251065004261508361B,1.16377,1.1683,1.15245,5,5,3.2982,7.23473,4.34731,1,1.2,1.2,1.2,1,1.2,0.5,12,0.5,12,0.5,12,314817,2026-06-30 17:06:07,11014981,MAREESWARAN ,13616,104339022020,104319220140,140HPW501   ,,AUTOMODE,BV141C,27,1,324251,OK,,0,0,9003102010431351065904261771952B,0020007910431251065004261508361B,00200045104311520066-7261762284B,OK,OK,OK,OK,316298,2026-06-30 17:01:11,11014981.0,MAREESWARAN ,13616,104339022020,104319220140,140HPW501   ,AUTOMODE,BV141A,24,1,324251,OK,CA1,0,0,300050104312999991395364110336,OK,OK,0.39,0.433,0.5,0.39,0.426,0.5,OK,,00200045104311520066-7261762284B,OK,OK,202.9,145.2,52.6,146.3,-0.0408401,2.40944,52.1114,52.9344,0.163353,2.24609,55.3115,55.6198,57.6785,9.10688,57.3727,0.285866,0,0,0,0,05ACA002,316087,2026-06-30 17:01:51,11014981.0,MAREESWARAN ,13616.0,104339022020,104319220140,140HPW501   ,AUTOMODE,BV141B,26,1.0,324251.0,OK,,,,00200045104311520066-7261762284B,OK,OK,,OK,OK,317120,2026-06-30 17:07:01,11014981.0,MAREESWARAN ,13616,104339022020,104319220140,,AUTOMODE,BV141D,39,1,324251,OK,CA13,,,0020007910431251065004261508361B,,0,147.0,10.1,-113.55,50.1,134,19.6,-223.35,59.6,-223.35,-113.71,0.565948,1.35476,45.0,40.0,5.0,24.208,51.8877,52.0039,0,0,0,0,0,0,0,0,0,0,0,1.6,0,20.0,0,393929
5100525,1,0020007910431251065004261508381A,2026-06-29 21:35:35,314116, , ,104319220151,0,0,0,0,57000,110000,0,0,120000,0,0,0,3,2:23,1011,18,"96,73     ",7,"43,05     ",32,"103,64    ",14,"39,94     ",21,0         ,0,0         ,0,0,0,0,0,"98,48     ",356,"36,54     ",1,"13,46     ",265,"0,1       ",339,"1,17      ",308,"0,57      ",304,0,0,0,0,0,0,0,0,0,0,0,0,UCX31_x0001_|_x0007_:, ,"1,41      ","4,97      ","46,46     ",3,"4,13      ",93,"64,88     ",2:54      ,3,2026-06-30 21:19:53,10001376.0,DEEPAN.M    ,1,104339022020,104319220140,,AUTOMODE_TS1,BV141E,40,2,,OK,,0,0,0020007910431251065004261508381A,1.17345,1.17509,1.17105,5,5,5.87,6.695,7.71,1,1.2,1.2,1.2,1,1.2,0.5,12,0.5,12,0.5,12,314906,2026-06-30 21:17:27,11014981,MAREESWARAN ,13616,104339022020,104319220140,140HPW501   ,,AUTOMODE,BV141C,23,2,324346,OK,,0,0,9003102010431351065904261771861B,0020007910431251065004261508381A,00200045104311520066-7261772145A,OK,OK,OK,OK,316390,2026-06-30 21:16:05,11014981.0,MAREESWARAN ,13616,104339022020,104319220140,140HPW501   ,AUTOMODE,BV141A,23,2,324346,OK,CA1,0,0,300050104312999991395364110336,OK,OK,0.39,0.425,0.5,0.39,0.438,0.5,OK,,00200045104311520066-7261772145A,OK,OK,202.9,145.2,52.6,146.3,0.0,2.28693,52.0759,52.9931,0.245029,2.8995,55.1461,55.6608,57.6175,8.53516,57.4111,0.408382,0,0,0,0,05ACA002,316180,2026-06-30 21:16:47,11014981.0,MAREESWARAN ,13616.0,104339022020,104319220140,140HPW501   ,AUTOMODE,BV141B,27,2.0,324346.0,OK,,,,00200045104311520066-7261772145A,OK,OK,,OK,OK,317213,2026-06-30 21:18:43,11014981.0,MAREESWARAN ,13616,104339022020,104319220140,,AUTOMODE,BV141D,35,2,324346,OK,CA13,,,0020007910431251065004261508381A,,0,147.3,7.7,-113.55,50.1,134,19.6,-223.35,59.6,-223.35,-113.71,0.491099,2.33091,45.0,40.0,5.0,21.7352,51.3758,51.5129,0,0,0,0,0,0,0,0,0,0,0,1.63,0,20.0,0,394034
5055489,1,0020007910431251065004261520050B,2026-06-16 04:20:34,304212, , ,104319220140,0,0,0,0,57000,110000,0,0,120000,0,0,0,6,4:45,1011,18,"81,39     ",116,"10,9      ",147,"65,24     ",117,"9,31      ",142,0         ,0,0         ,0,0,0,0,0,"44,91     ",223,"5,73      ",246,"6,31      ",142,"0,11      ",125,"2,47      ",280,"2,49      ",272,0,0,0,0,0,0,0,0,0,0,0,0,UCX31_x0001_|_x0007_:, ,"1,48      ","4,94      ","45,13     ",14,"3,89      ",94,"64,94     ",5:16      ,3,2026-06-18 21:39:49,11014981.0,MAREESWARAN ,1,104339022019,104319220139,,AUTOMODE_TS1,BV141E,39,2,,OK,,0,0,0020007910431251065004261520050B,1.17712,1.17408,1.17598,2,2,3.82,3.6375,4.3075,1,1.2,1.2,1.2,1,1.2,0.5,12,0.5,12,0.5,12,300778,2026-06-18 21:37:36,11014981,MAREESWARAN ,13616,104339022019,104319220139,140HPW501   ,,AUTOMODE,BV141C,20,2,312365,OK,,0,0,6000102010431351066005261405857B,0020007910431251065004261520050B,00200045104311520066-7261660393B,OK,OK,OK,OK,302141,2026-06-18 21:36:08,11014981.0,MAREESWARAN ,13616,104339022019,104319220139,140HPW501   ,AUTOMODE,BV141A,24,2,312365,OK,CA1,0,0,300050104312999991395364110336,OK,OK,0.39,0.417,0.5,0.39,0.418,0.5,OK,,00200045104311520066-7261660393B,OK,OK,202.9,145.2,52.6,146.3,-0.0408401,1.79688,52.0794,53.3049,0.0,2.61364,55.1445,55.8604,56.2401,1.48534,57.491,0.0408363,0,0,0,0,05ACA005,302789,2026-06-18 21:36:44,11014981.0,MAREESWARAN ,13616.0,104339022019,104319220139,140HPW501   ,AUTOMODE,BV141B,29,2.0,312365.0,OK,,,,00200045104311520066-7261660393B,OK,OK,,OK,OK,302888,2026-06-18 21:38:44,11014981.0,MAREESWARAN ,13616,104339022019,104319220139,,AUTOMODE,BV141D,31,2,312365,OK,CA13,,,0020007910431251065004261520050B,,0,145.1,4.7,-113.55,49.8,134,19.6,-222.95,59.6,-222.95,-113.71,0.37799,1.29672,45.0,40.1895,5.0,20.8305,52.4183,52.4765,0,0,0,0,0,0,0,0,0,0,0,1.88,0,20.0,0,376798
5100899,1,0020007910431251065004261532101C,2026-06-30 00:05:01,318215, , ,104319220151,0,0,0,0,57000,110000,0,0,120000,0,0,0,5,3:42,1011,18,"23,87     ",265,"2,03      ",18,"8,32      ",292,"2,35      ",116,0         ,0,0         ,0,0,0,0,0,"7,58      ",1,"0,38      ",81,"9,04      ",297,"0,03      ",170,"1,5       ",115,"1,62      ",138,0,0,0,0,0,0,0,0,0,0,0,0,UCX31_x0001_|_x0007_:, ,"1,41      ","4,69      ","45,35     ",13,"4,34      ",94,"65,13     ",4:17      ,3,2026-06-29 19:07:32,11014086.0,BABU        ,1,104339022021,104319220151,,AUTOMODE_TS1,BV141E,44,1,,OK,,0,0,0020007910431251065004261532101C,1.17547,1.17396,1.17497,5,5,5.135,5.375,7.11,1,1.2,1.2,1.2,1,1.2,0.5,12,0.5,12,0.5,12,313966,2026-06-29 19:02:56,11014086,BABU        ,13616,104339022021,104319220151,160HP Z101  ,,AUTOMODE,BV141C,20,1,323328,OK,,0,0,9003102010431351065904261769965B,0020007910431251065004261532101C,00200045104311520066-7261750222C,OK,OK,OK,OK,315395,2026-06-29 19:01:08,11014086.0,BABU        ,13616,104339022021,104319220151,160HP Z101  ,AUTOMODE,BV141A,24,1,323328,OK,CA1,0,0,1020104313020080004674879488,OK,OK,0.39,0.463,0.5,0.39,0.438,0.5,OK,,00200045104311520066-7261750222C,OK,OK,202.9,145.2,52.6,146.3,-0.0408401,2.32777,52.0451,53.4796,0.204189,2.73615,55.6351,56.0453,57.6912,2.85866,57.5893,0.449219,0,0,0,0,05ACA010,315176,2026-06-29 19:01:48,11014086.0,BABU        ,13616.0,104339022021,104319220151,160HP Z101  ,AUTOMODE,BV141B,26,1.0,323328.0,OK,,,,00200045104311520066-7261750222C,OK,OK,,OK,OK,316213,2026-06-29 19:06:22,11014086.0,BABU        ,13616,104339022021,104319220151,,AUTOMODE,BV141D,37,1,323328,OK,CA13,,,0020007910431251065004261532101C,,0,147.1,10.9,-113.55,50.1,134,19.6,-223.2,59.6,-223.2,-113.71,0.180008,0.716213,45.0,40.2181,5.0,25.663,51.982,52.0323,0,0,0,0,0,0,0,0,0,0,0,3.33,0,20.0,0,392089
5097364,1,0020007910431251065004261615198B,2026-06-28 14:19:54,318215, , ,104319220140,0,0,0,0,57000,110000,0,0,120000,0,0,0,5,3:21,1011,18,"3,11      ",167,"1,67      ",57,"1,36      ",179,"0,8       ",190,0         ,0,0         ,0,0,0,0,0,"0,62      ",75,"0,4       ",78,"1,99      ",259,"0,09      ",90,"1,9       ",150,"2,14      ",145,0,0,0,0,0,0,0,0,0,0,0,0,UCX31_x0001_|_x0007_:, ,"1,25      ","4,76      ","45,43     ",13,"3,87      ",94,"65,02     ",3:57      ,3,2026-06-29 11:39:07,11014086.0,BABU        ,1,104339022021,104319220151,,AUTOMODE_TS1,BV141E2,38,1,,OK,,0,0,0020007910431251065004261615198B,1.15836,1.15987,1.16428,5,5,3.24072,8.43473,6.58802,1,1.2,1.2,1.2,1,1.2,0.5,12,0.5,12,0.5,12,313640,2026-06-29 11:36:23,11014086,BABU        ,13616,104339022021,104319220151,160HP Z101  ,,AUTOMODE,BV141C,19,1,322977,OK,,0,0,9003102010431351065904261758370B,0020007910431251065004261615198B,00200045104311520066-7261750629B,OK,OK,OK,OK,315055,2026-06-29 11:35:15,11014086.0,BABU        ,13616,104339022021,104319220151,160HP Z101  ,AUTOMODE,BV141A,22,1,322977,OK,CA1,0,0,1020104313020080004674879488,OK,OK,0.39,0.436,0.5,0.39,0.44,0.5,OK,,00200045104311520066-7261750629B,OK,OK,202.9,145.2,52.6,146.3,0.0,2.81783,52.0712,53.1999,0.245029,2.5728,55.4547,55.763,57.6026,4.6147,57.3988,0.408382,0,0,0,0,05ACA002,314828,2026-06-29 11:35:53,11014086.0,BABU        ,13616.0,104339022021,104319220151,160HP Z101  ,AUTOMODE,BV141B,26,1.0,322977.0,OK,,,,00200045104311520066-7261750629B,OK,OK,,OK,OK,315867,2026-06-29 11:38:01,11014086.0,BABU        ,13616,104339022021,104319220151,,AUTOMODE,BV141D,36,1,322977,OK,CA13,,,0020007910431251065004261615198B,,0,147.1,10.0,-113.55,50.1,134,19.6,-223.2,59.6,-223.2,-113.71,0.845262,1.80184,45.0,40.0478,5.0,25.9344,51.3776,51.463,0,0,0,0,0,0,0,0,0,0,0,3.38,0,20.0,0,391627
5103043,1,0020007910431251065004261615601C,2026-06-30 14:17:27,318215, , ,104319220151,0,0,0,0,57000,110000,0,0,120000,0,0,0,4,2:41,1011,18,"53,08     ",358,"26,46     ",359,"49,92     ",349,"7,26      ",309,0         ,0,0         ,0,0,0,0,0,"47,04     ",37,"10,61     ",24,"19,56     ",132,"10,93     ",73,"2,38      ",229,"3,13      ",212,0,0,0,0,0,0,0,0,0,0,0,0,UCX31_x0001_|_x0007_:, ,"1,27      ","4,78      ","45,66     ",13,"4,2       ",93,"64,95     ",3:17      ,3,2026-06-30 09:16:34,11014086.0,BABU        ,1,104339022021,104319220151,,AUTOMODE_TS1,BV141E,44,1,,OK,,0,0,0020007910431251065004261615601C,1.17434,1.17396,1.1713,5,5,6.785,6.9675,9.11,1,1.2,1.2,1.2,1,1.2,0.5,12,0.5,12,0.5,12,314530,2026-06-30 09:12:54,11014086,BABU        ,13616,104339022021,104319220151,160HP Z101  ,,AUTOMODE,BV141C,22,1,323936,OK,,0,0,9003102010431351065904261782535A,0020007910431251065004261615601C,00200045104311520066-7261740054B,OK,OK,OK,OK,315990,2026-06-30 09:10:40,11014086.0,BABU        ,13616,104339022021,104319220151,160HP Z101  ,AUTOMODE,BV141A,39,1,323936,OK,CA1,0,0,1020104313020080004674879488,OK,OK,0.39,0.419,0.5,0.39,0.436,0.5,OK,,00200045104311520066-7261740054B,OK,OK,202.9,145.2,52.6,146.3,0.0,0.653408,52.0659,53.0901,0.0408363,1.79688,55.2481,55.7603,57.7119,5.96236,57.4062,0.245026,0,0,0,0,05ACA006,315778,2026-06-30 09:11:24,11014086.0,BABU        ,13616.0,104339022021,104319220151,160HP Z101  ,AUTOMODE,BV141B,26,1.0,323936.0,OK,,,,00200045104311520066-7261740054B,OK,OK,,OK,OK,316812,2026-06-30 09:15:22,11014086.0,BABU        ,13616,104339022021,104319220151,,AUTOMODE,BV141D,41,1,323936,OK,CA13,,,0020007910431251065004261615601C,,0,147.4,9.1,-113.55,50.1,134,19.6,-223.2,59.6,-223.2,-113.71,0.343844,1.18364,45.0,40.6672,5.0,25.2635,51.6509,51.7164,0,0,0,0,0,0,0,0,0,0,0,3.33,0,20.0,0,393179
5102422,1,0020007910431251065004261670579A,2026-06-30 10:19:58,314116, , ,104319220151,0,0,0,0,57000,110000,0,0,120000,0,0,0,4,3:19,1011,18,"107,2     ",314,"20,51     ",338,"79,25     ",318,"19,38     ",324,0         ,0,0         ,0,0,0,0,0,"71,3      ",301,"17,35     ",302,"18,87     ",277,"0,07      ",156,"1,57      ",317,"1,82      ",305,0,0,0,0,0,0,0,0,0,0,0,0,UCX31_x0001_|_x0007_:, ,"1,4       ","4,98      ","46,15     ",3,"3,62      ",93,"65,1      ",3:50      ,3,2026-06-30 07:11:11,11014086.0,BABU        ,1,104339022021,104319220151,,AUTOMODE_TS1,BV141E2,38,2,,OK,,0,0,0020007910431251065004261670579A,1.14453,1.15761,1.14654,5,5,2.47904,7.54012,4.89461,1,1.2,1.2,1.2,1,1.2,0.5,12,0.5,12,0.5,12,314471,2026-06-30 07:08:39,11014086,BABU        ,13616,104339022021,104319220151,160HP Z101  ,,AUTOMODE,BV141C,54,2,323868,OK,,0,0,9003102010431351065904261771922B,0020007910431251065004261670579A,00200045104311520066-7261770233C,OK,OK,OK,OK,315924,2026-06-30 07:05:31,11014086.0,BABU        ,13616,104339022021,104319220151,160HP Z101  ,AUTOMODE,BV141A,22,2,323868,OK,CA1,0,0,1020104313020080004674879488,OK,OK,0.39,0.416,0.5,0.39,0.396,0.5,OK,,00200045104311520066-7261770233C,OK,OK,202.9,145.2,52.6,146.3,-0.0408401,2.12358,52.2981,53.1211,0.163349,2.16442,55.2893,55.702,57.6537,5.59481,57.348,0.367542,0,0,0,0,05ACA002,315711,2026-06-30 07:06:11,11014086.0,BABU        ,13616.0,104339022021,104319220151,160HP Z101  ,AUTOMODE,BV141B,26,2.0,323868.0,OK,,,,00200045104311520066-7261770233C,OK,OK,,OK,OK,316745,2026-06-30 07:10:03,11014086.0,BABU        ,13616,104339022021,104319220151,,AUTOMODE,BV141D,34,2,323868,OK,CA13,,,0020007910431251065004261670579A,,0,147.0,3.6,-113.55,50.1,134,19.6,-223.2,59.6,-223.2,-113.71,0.686054,1.12685,42.9397,40.0,5.0,26.2511,51.3806,51.5767,0,0,0,0,0,0,0,0,0,0,0,3.4,0,20.0,0,393059
5099096,1,0020007910431251065004261682703B,2026-06-29 11:27:24,314116, , ,104319220151,0,0,0,0,57000,110000,0,0,120000,0,0,0,5,3:52,1011,18,"70,5      ",279,"29,23     ",305,"64,1      ",290,"28,03     ",297,0         ,0,0         ,0,0,0,0,0,"61,25     ",271,"25,48     ",277,"10,88     ",200,"0,11      ",212,"1,81      ",273,"1,24      ",287,0,0,0,0,0,0,0,0,0,0,0,0,UCX31_x0001_|_x0007_:, ,"1,38      ","4,98      ","47,04     ",3,"4,42      ",93,"65,17     ",20:39     ,3,2026-06-29 10:34:43,11014086.0,BABU        ,1,104339022021,104319220151,,AUTOMODE_TS1,BV141E,44,1,,OK,,0,0,0020007910431251065004261682703B,1.17939,1.17623,1.17472,5,5,5.5425,6.345,8.74,1,1.2,1.2,1.2,1,1.2,0.5,12,0.5,12,0.5,12,313568,2026-06-29 10:32:37,11014086,BABU        ,13616,104339022021,104319220151,160HP Z101  ,,AUTOMODE,BV141C,20,1,322902,OK,,0,0,9003102010431351065904261758808B,0020007910431251065004261682703B,00200045104311520066-7261692661C,OK,OK,OK,OK,314981,2026-06-29 10:31:27,11014086.0,BABU        ,13616,104339022021,104319220151,160HP Z101  ,AUTOMODE,BV141A,22,1,322902,OK,CA1,0,0,1020104313020080004674879488,OK,OK,0.39,0.444,0.5,0.39,0.452,0.5,OK,,00200045104311520066-7261692661C,OK,OK,202.9,145.2,52.6,146.3,0.0,2.85867,52.1299,53.2637,0.245029,2.24609,55.6281,55.9364,57.6791,3.18537,57.4753,0.408379,0,0,0,0,05ACA010,314754,2026-06-29 10:32:05,11014086.0,BABU        ,13616.0,104339022021,104319220151,160HP Z101  ,AUTOMODE,BV141B,26,1.0,322902.0,OK,,,,00200045104311520066-7261692661C,OK,OK,,OK,OK,315793,2026-06-29 10:33:31,11014086.0,BABU        ,13616,104339022021,104319220151,,AUTOMODE,BV141D,43,1,322902,OK,CA13,,,0020007910431251065004261682703B,,0,147.0,11.6,-113.55,50.1,134,19.6,-223.2,59.6,-223.2,-113.71,0.343491,1.03285,45.0,40.0021,5.0,23.5295,52.3399,52.4238,0,0,0,0,0,0,0,0,0,0,0,3.37,0,20.0,0,391542
5020302,1,0020007910431251065202260940077C,2026-06-05 11:04:37,314116, , ,104319220141,0,0,0,0,57000,110000,0,0,120000,0,0,0,5,4:22,1011,18,"49,67     ",311,"6,84      ",351,"11,29     ",297,"0,71      ",2,0         ,0,0         ,0,0,0,0,0,"15,86     ",278,"0,28      ",215,"22,01     ",272,"3,26      ",311,"8,18      ",127,"8,51      ",142,0,0,0,0,0,0,0,0,0,0,0,0,UCX31_x0001_|_x0007_:, ,"1,4       ",5         ,"44,99     ",3,"3,81      ",93,"65,1      ",4:53      ,3,2026-06-06 09:18:56,11014086.0,BABU        ,1,104339022046,104319220141,,AUTOMODE_TS1,BV141E,45,1,,OK,,0,0,0020007910431251065202260940077C,1.17231,1.17269,1.16903,5,5,5.185,5.32,8.115,1,1.2,1.2,1.2,1,1.2,0.5,12,0.5,12,0.5,12,286552,2026-06-06 09:16:48,11014086,BABU        ,13616,104339022046,104319220141,140HPW501   ,,AUTOMODE,BV141C,44,1,299460,OK,,0,0,9002102010431351067303261203704A,0020007910431251065202260940077C,0020004510431152006711261540251A,OK,OK,OK,OK,287733,2026-06-06 09:13:46,11014086.0,BABU        ,13616,104339022046,104319220141,140HPW501   ,AUTOMODE,BV141A,22,1,299460,OK,CA1,0,0,1020104313020080004674879488,OK,OK,0.39,0.436,0.5,0.39,0.431,0.5,OK,,0020004510431152006711261540251A,OK,OK,202.9,145.2,52.6,146.3,-0.0408363,2.28693,52.0818,53.4118,0.163353,1.96023,55.6666,56.0743,57.7126,2.00106,57.6107,0.285866,0,0,0,0,05ACA005,288264,2026-06-06 09:14:30,11014086.0,BABU        ,13616.0,104339022046,104319220141,140HPW501   ,AUTOMODE,BV141B,29,1.0,299460.0,OK,,,,0020004510431152006711261540251A,OK,OK,,OK,OK,288412,2026-06-06 09:17:40,11014086.0,BABU        ,13616,104339022046,104319220141,,AUTOMODE,BV141D,33,1,299460,OK,CA14,,,0020007910431251065202260940077C,,0,145.5,5.5,-113.55,50.0,134,18.6,-222.95,59.6,-216.052,-106.71,0.0226173,0.124881,44.7753,40.0,5.0,15.0631,52.2837,52.2735,0,0,0,0,0,0,0,0,0,0,0,1.74,0,20.0,0,356664
5048263,1,0020007910431251065202261354349A,2026-06-13 09:23:46,314116, , ,104319220141,0,0,0,0,57000,110000,0,0,120000,0,0,0,4,3:23,1011,18,"63,85     ",19,"16,11     ",40,"17,35     ",333,"3,74      ",323,0         ,0,0         ,0,0,0,0,0,"15,9      ",315,"0,37      ",194,"31,6      ",351,"9,16      ",1,"5,91      ",145,"4,5       ",169,0,0,0,0,0,0,0,0,0,0,0,0,UCX31_x0001_|_x0007_:, ,"1,38      ","4,89      ","45,1      ",3,"4,82      ",93,"65,03     ",3:54      ,3,2026-06-13 18:01:32,11014981.0,MAREESWARAN ,1,104339022046,104319220141,,AUTOMODE_TS1,BV141E2,38,1,,OK,,0,0,0020007910431251065202261354349A,1.16403,1.16138,1.1517,5,5,2.58922,7.53174,3.88263,1,1.2,1.2,1.2,1,1.2,0.5,12,0.5,12,0.5,12,294771,2026-06-13 17:58:44,11014981,MAREESWARAN ,13616,104339022046,104319220141,140HPW501   ,,AUTOMODE,BV141C,23,1,307033,OK,,0,0,9002102010431351067303261542470A,0020007910431251065202261354349A,0020004510431152006711261540759B,OK,OK,OK,OK,296078,2026-06-13 17:56:26,11014981.0,MAREESWARAN ,13616,104339022046,104319220141,140HPW501   ,AUTOMODE,BV141A,23,1,307033,OK,CA1,0,0,1020104313020080004674879488,OK,OK,0.39,0.41,0.5,0.39,0.412,0.5,OK,,0020004510431152006711261540759B,OK,OK,202.9,145.2,52.6,146.3,0.0,1.42933,52.0973,53.0196,0.122513,2.5728,55.1802,55.7968,57.7459,6.45241,57.3383,0.490055,0,0,0,0,05ACA004,296687,2026-06-13 17:57:24,11014981.0,MAREESWARAN ,13616.0,104339022046,104319220141,140HPW501   ,AUTOMODE,BV141B,29,1.0,307033.0,OK,,,,0020004510431152006711261540759B,OK,OK,,OK,OK,296798,2026-06-13 18:00:26,11014981.0,MAREESWARAN ,13616,104339022046,104319220141,,AUTOMODE,BV141D,35,1,307033,OK,CA13,,,0020007910431251065202261354349A,,0,145.7,5.7,-113.55,50.0,134,18.6,-222.95,59.6,-223.35,-113.71,0.584938,1.74897,45.0,40.0,5.0,22.1574,52.1081,52.3499,0,0,0,0,0,0,0,0,0,0,0,1.76,0,20.0,0,368107
5104576,1,0020007910431251065202261355382C,2026-07-01 00:06:12,314116, , ,104319220141,0,0,0,0,57000,110000,0,0,120000,0,0,0,5,3:37,1011,18,"37,28     ",193,"1,47      ",235,"14,36     ",205,"2,82      ",352,0         ,0,0         ,0,0,0,0,0,"28,19     ",189,"0,23      ",190,"13,74     ",120,"0,09      ",69,"3,32      ",138,"3,1       ",138,0,0,0,0,0,0,0,0,0,0,0,0,UCX31_x0001_|_x0007_:, ,"1,42      ","4,97      ","46,44     ",3,"4,41      ",93,"65,03     ",4:08      ,3,2026-06-25 22:07:48,11014981.0,MAREESWARAN ,1,104339022046,104319220141,,AUTOMODE_TS1,BV141E2,38,2,,OK,,0,0,0020007910431251065202261355382C,1.16553,1.16918,1.14868,5,5,4.25988,7.2024,3.78683,1,1.2,1.2,1.2,1,1.2,0.5,12,0.5,12,0.5,12,307661,2026-06-25 22:04:58,11014981,MAREESWARAN ,13616,104339022046,104319220141,140HPW501   ,,AUTOMODE,BV141C,19,2,319398,OK,,0,0,9002102010431351067303261574646A,0020007910431251065202261355382C,0020004510431152006711261740133A,OK,OK,OK,OK,309035,2026-06-25 22:03:12,11014981.0,MAREESWARAN ,13616,104339022046,104319220141,140HPW501   ,AUTOMODE,BV141A,21,2,319398,OK,CA1,0,0,1020104313020080004674879488,OK,OK,0.39,0.405,0.5,0.39,0.405,0.5,OK,,0020004510431152006711261740133A,OK,OK,202.9,145.2,52.6,146.3,0.0,1.83771,52.1805,53.1996,0.122513,1.75603,55.6608,56.0736,57.7119,1.96023,57.508,0.326706,0,0,0,0,05ACA010,309756,2026-06-25 22:03:52,11014981.0,MAREESWARAN ,13616.0,104339022046,104319220141,140HPW501   ,AUTOMODE,BV141B,29,2.0,319398.0,OK,,,,0020004510431152006711261740133A,OK,OK,,OK,OK,309815,2026-06-25 22:06:44,11014981.0,MAREESWARAN ,13616,104339022046,104319220141,,AUTOMODE,BV141D,37,2,319398,OK,CA13,,,0020007910431251065202261355382C,,0,145.8,9.5,-113.55,50.0,134,18.6,-222.95,59.6,-223.35,-113.71,1.13972,2.89581,45.0,40.0,5.0,22.5569,52.3492,52.4722,0,0,0,0,0,0,0,0,0,0,0,1.85,0,20.0,0,384686
5041082,1,0020007910431251065202261366224A,2026-06-11 12:09:48,304212, , ,104319220141,0,0,0,0,57000,110000,0,0,120000,0,0,0,5,3:47,1011,18,"72,2      ",60,"17,12     ",66,"40,67     ",16,"2,42      ",124,0         ,0,0         ,0,0,0,0,0,"17,09     ",36,"0,13      ",187,"39,8      ",96,"10,22     ",85,"3,48      ",328,"3,79      ",357,0,0,0,0,0,0,0,0,0,0,0,0,UCX31_x0001_|_x0007_:, ,"1,48      ","4,95      ","46,35     ",14,"4,12      ",94,"64,81     ",4:46      ,3,2026-06-11 00:41:01,11014086.0,BABU        ,1,104339022046,104319220141,,AUTOMODE_TS1,BV141E,44,2,,OK,,0,0,0020007910431251065202261366224A,1.17459,1.17434,1.17206,5,5,4.2125,4.3975,5.2275,1,1.2,1.2,1.2,1,1.2,0.5,12,0.5,12,0.5,12,291715,2026-06-11 00:38:11,11014086,BABU        ,13616,104339022046,104319220141,140HPW501   ,,AUTOMODE,BV141C,19,2,303833,OK,,0,0,9002102010431351067303261499738A,0020007910431251065202261366224A,0020004510431152006711261550934C,OK,OK,OK,OK,292950,2026-06-11 00:36:43,11014086.0,BABU        ,13616,104339022046,104319220141,140HPW501   ,AUTOMODE,BV141A,23,2,303833,OK,CA1,0,0,1020104313020080004674879488,OK,OK,0.39,0.415,0.5,0.39,0.441,0.5,OK,,0020004510431152006711261550934C,OK,OK,202.9,145.2,52.6,146.3,-0.0408363,2.0419,52.0229,53.2561,0.163353,1.96023,55.3071,55.8192,57.776,10.2912,57.4652,0.28587,0,0,0,0,05ACA002,293517,2026-06-11 00:37:21,11014086.0,BABU        ,13616.0,104339022046,104319220141,140HPW501   ,AUTOMODE,BV141B,30,2.0,303833.0,OK,,,,0020004510431152006711261550934C,OK,OK,,OK,OK,293645,2026-06-11 00:39:51,11014086.0,BABU        ,13616,104339022046,104319220141,,AUTOMODE,BV141D,33,2,303833,OK,CA14,,,0020007910431251065202261366224A,,0,145.0,4.7,-113.55,50.0,134,18.6,-222.95,59.6,-222.95,-113.71,0.424339,1.44393,45.0,40.0,5.0,22.0217,51.912,52.012,0,0,0,0,0,0,0,0,0,0,0,1.67,0,20.0,0,363180
5069681,1,0020007910431251065202261377425B,2026-06-20 00:40:38,314116, , ,104319220141,0,0,0,0,57000,110000,0,0,120000,0,0,0,4,3:09,1011,18,"42,4      ",208,"9,62      ",226,"39,32     ",198,"8,1       ",211,0         ,0,0         ,0,0,0,0,0,"65,87     ",180,"12,28     ",184,"7,38      ",72,"0,06      ",141,"2,74      ",103,"2,1       ",142,0,0,0,0,0,0,0,0,0,0,0,0,UCX31_x0001_|_x0007_:, ,"1,38      ","5,12      ","45,71     ",3,"4,46      ",93,"65,03     ",3:40      ,3,2026-06-20 22:15:56,11014981.0,MAREESWARAN ,1,104339022046,104319220141,,AUTOMODE_TS1,BV141E,44,2,,OK,,0,0,0020007910431251065202261377425B,1.17813,1.1737,1.17421,5,5,4.63,4.8525,4.355,1,1.2,1.2,1.2,1,1.2,0.5,12,0.5,12,0.5,12,302575,2026-06-20 22:13:30,11014981,MAREESWARAN ,13616,104339022046,104319220141,140HPW501   ,,AUTOMODE,BV141C,31,2,314121,OK,,0,0,9002102010431351067303261531353B,0020007910431251065202261377425B,0020004510431152006711261702303B,OK,OK,OK,OK,303871,2026-06-20 22:11:48,11014981.0,MAREESWARAN ,13616,104339022046,104319220141,140HPW501   ,AUTOMODE,BV141A,22,2,314121,OK,CA1,0,0,1020104313020080004674879488,OK,OK,0.39,0.435,0.5,0.39,0.431,0.5,OK,,0020004510431152006711261702303B,OK,OK,202.9,145.2,52.6,146.3,0.0,1.91939,52.0839,53.2202,0.204193,2.36861,55.5923,56.0025,57.7529,3.55291,57.3401,0.571735,0,0,0,0,05ACA003,304530,2026-06-20 22:12:30,11014981.0,MAREESWARAN ,13616.0,104339022046,104319220141,140HPW501   ,AUTOMODE,BV141B,30,2.0,314121.0,OK,,,,0020004510431152006711261702303B,OK,OK,,OK,OK,304628,2026-06-20 22:14:46,11014981.0,MAREESWARAN ,13616,104339022046,104319220141,,AUTOMODE,BV141D,37,2,314121,OK,CA14,,,0020007910431251065202261377425B,,0,146.0,8.2,-113.55,50.0,134,18.6,-222.95,59.6,-223.35,-113.71,0.953785,2.14032,45.0,40.0,5.0,22.5494,52.2424,52.2098,0,0,0,0,0,0,0,0,0,0,0,1.83,0,20.0,0,378755
5030872,1,0020007910431251065202261388285A,2026-06-08 18:32:37,314116, , ,104319220141,0,0,0,0,57000,110000,0,0,120000,0,0,0,5,4:12,1011,18,"33,06     ",216,"11,61     ",193,"17,29     ",266,"0,37      ",155,0         ,0,0         ,0,0,0,0,0,"36,36     ",250,"0,35      ",110,"20,73     ",132,"5,5       ",150,"4,17      ",278,"3,32      ",311,0,0,0,0,0,0,0,0,0,0,0,0,UCX31_x0001_|_x0007_:, ,"1,21      ","5,02      ","45,57     ",3,"4,63      ",93,"65,16     ",4:43      ,3,2026-06-11 21:30:32,11014981.0,MAREESWARAN ,1,104339022046,104319220141,,AUTOMODE_TS1,BV141E,45,2,,OK,,0,0,0020007910431251065202261388285A,1.17674,1.17307,1.17522,5,5,4.135,3.9275,4.35,1,1.2,1.2,1.2,1,1.2,0.5,12,0.5,12,0.5,12,292672,2026-06-11 21:28:36,11014981,MAREESWARAN ,13616,104339022046,104319220141,140HPW501   ,,AUTOMODE,BV141C,24,2,304830,OK,,0,0,9002102010431351067303261479668B,0020007910431251065202261388285A,0020004510431152006711261540582B,OK,OK,OK,OK,293932,2026-06-11 21:27:22,11014981.0,MAREESWARAN ,13616,104339022046,104319220141,140HPW501   ,AUTOMODE,BV141A,22,2,304830,OK,CA1,0,0,1020104313020080004674879488,OK,OK,0.39,0.406,0.5,0.39,0.415,0.5,OK,,0020004510431152006711261540582B,OK,OK,202.9,145.2,52.6,146.3,0.0,1.96023,52.1226,53.4577,0.163353,2.20526,55.7176,56.0259,56.2401,1.90377,57.5725,0.408382,0,0,0,0,05ACA010,294509,2026-06-11 21:27:58,11014981.0,MAREESWARAN ,13616.0,104339022046,104319220141,140HPW501   ,AUTOMODE,BV141B,28,2.0,304830.0,OK,,,,0020004510431152006711261540582B,OK,OK,,OK,OK,294633,2026-06-11 21:29:22,11014981.0,MAREESWARAN ,13616,104339022046,104319220141,,AUTOMODE,BV141D,33,2,304830,OK,CA13,,,0020007910431251065202261388285A,,0,146.0,7.3,-113.55,50.0,134,18.6,-222.95,59.6,-223.2,-113.71,0.862735,1.78676,45.0,40.5813,5.0,20.0992,52.2796,52.3015,0,0,0,0,0,0,0,0,0,0,0,1.8,0,20.0,0,364777
