source_timestamp,job_id,cell_name,part_number,station_name,activity_name,activity_value,ewma,mean,stddev,z_prev,L,lambda_,sigma_ewma,ucl,lcl,drift
2026-09-09 11:25:38+00:00,2661699,C7,313329022001,CB,final_torque,2.24,2.720871221935342,2.682184466019418,0.3166106686244901,2.7306849203421857,2.0,0.02,0.03181670715495331,2.7458178803293247,2.6185510517095114,0
2026-09-09 11:22:04+00:00,2661683,C7,313329022001,CB,final_torque,2.74,2.7306849203421857,2.682184466019418,0.3166106686244901,2.7304948166756997,2.0,0.02,0.03181654789082252,2.745817561801063,2.618551370237773,0
2026-09-09 11:20:52+00:00,2661681,C7,313329022001,CB,final_torque,2.99,2.7304948166756997,2.682184466019418,0.3166106686244901,2.725198792526224,2.0,0.02,0.03181638205893533,2.7458172301372885,2.6185517019015476,0
2026-09-09 11:20:09+00:00,2661678,C7,313329022001,CB,final_torque,2.27,2.725198792526224,2.682184466019418,0.3166106686244901,2.7344885638022696,2.0,0.02,0.03181620938841329,2.7458168847962448,2.6185520472425914,0
2026-09-09 11:19:34+00:00,2661673,C7,313329022001,CB,final_torque,2.89,2.7344885638022696,2.682184466019418,0.3166106686244901,2.731314861022724,2.0,0.02,0.03181602959720291,2.745816525213824,2.618552406825012,0
2026-09-09 11:16:03+00:00,2661648,C7,313329022001,CB,final_torque,2.45,2.731314861022724,2.682184466019418,0.3166106686244901,2.7370559806354327,2.0,0.02,0.03181584239161426,2.7458161508026464,2.6185527812361897,0
2026-09-09 11:13:35+00:00,2661643,C7,313329022001,CB,final_torque,2.78,2.7370559806354327,2.682184466019418,0.3166106686244901,2.736179572076972,2.0,0.02,0.03181564746584074,2.7458157609510994,2.6185531710877368,0
2026-09-09 11:08:21+00:00,2661624,C7,313329022001,CB,final_torque,2.93,2.736179572076972,2.682184466019418,0.3166106686244901,2.7322240531397672,2.0,0.02,0.03181544450145882,2.745815355022336,2.6185535770165003,0
2026-09-09 11:05:54+00:00,2661608,C7,313329022001,CB,final_torque,2.1,2.7322240531397672,2.682184466019418,0.3166106686244901,2.7451265848364974,2.0,0.02,0.03181523316690714,2.745814932353232,2.618553999685604,0
2026-09-09 11:04:23+00:00,2661606,C7,313329022001,CB,final_torque,2.72,2.7451265848364974,2.682184466019418,0.3166106686244901,2.7456393722821404,2.0,0.02,0.03181501311694418,2.7458144922533063,2.61855443978553,0
2026-09-09 11:03:15+00:00,2661605,C7,313329022001,CB,final_torque,2.49,2.7456393722821404,2.682184466019418,0.3166106686244901,2.750856502328715,2.0,0.02,0.03181478399208335,2.7458140340035846,2.6185548980352515,0
2026-09-09 11:02:47+00:00,2661603,C7,313329022001,CB,final_torque,2.5,2.750856502328715,2.682184466019418,0.3166106686244901,2.7559760227844032,2.0,0.02,0.031814545418004866,2.7458135568554276,2.6185553751834085,1
2026-09-09 11:01:17+00:00,2661592,C7,313329022001,CB,final_torque,2.58,2.7559760227844032,2.682184466019418,0.3166106686244901,2.7595673701881664,2.0,0.02,0.031814297004943204,2.7458130600293043,2.618555872009532,1
2026-09-09 10:58:14+00:00,2661591,C7,313329022001,CB,final_torque,3.3,2.7595673701881664,2.682184466019418,0.3166106686244901,2.748538132845068,2.0,0.02,0.03181403834704927,2.7458125427135167,2.6185563893253194,1
2026-09-09 10:51:02+00:00,2661565,C7,313329022001,CB,final_torque,3.25,2.748538132845068,2.682184466019418,0.3166106686244901,2.7383042171888454,2.0,0.02,0.031813769021726196,2.7458120040628704,2.6185569279759657,1
2026-09-09 10:50:39+00:00,2661563,C7,313329022001,CB,final_torque,2.66,2.7383042171888454,2.682184466019418,0.3166106686244901,2.7399022624375977,2.0,0.02,0.03181348858893765,2.7458114431972933,2.618557488841543,0
2026-09-09 10:48:16+00:00,2661560,C7,313329022001,CB,final_torque,2.61,2.7399022624375977,2.682184466019418,0.3166106686244901,2.742553329017957,2.0,0.02,0.0318131965904875,2.745810859200393,2.618558072838443,0
2026-09-09 10:45:35+00:00,2661551,C7,313329022001,CB,final_torque,2.8,2.742553329017957,2.682184466019418,0.3166106686244901,2.741380947977507,2.0,0.02,0.03181289254926973,2.7458102511179576,2.6185586809208785,0
2026-09-09 10:43:11+00:00,2661549,C7,313329022001,CB,final_torque,3.24,2.741380947977507,2.682184466019418,0.3166106686244901,2.73120504895664,2.0,0.02,0.031812575968487265,2.7458096179563927,2.6185593140824435,0
2026-09-09 10:42:39+00:00,2661545,C7,313329022001,CB,final_torque,2.24,2.73120504895664,2.682184466019418,0.3166106686244901,2.74122964179249,2.0,0.02,0.03181224633083849,2.745808958681095,2.618559973357741,0
2026-09-09 10:42:10+00:00,2661532,C7,313329022001,CB,final_torque,2.5,2.74122964179249,2.682184466019418,0.3166106686244901,2.7461526957066225,2.0,0.02,0.0318119030976701,2.745808272214758,2.618560659824078,0
2026-09-09 10:38:13+00:00,2661529,C7,313329022001,CB,final_torque,3.21,2.7461526957066225,2.682184466019418,0.3166106686244901,2.736686424190431,2.0,0.02,0.03181154570809482,2.7458075574356076,2.6185613746032286,1
2026-09-09 10:37:48+00:00,2661526,C7,313329022001,CB,final_torque,2.41,2.736686424190431,2.682184466019418,0.3166106686244901,2.7433534940718682,2.0,0.02,0.031811173578072734,2.7458068131755637,2.6185621188632724,0
2026-09-09 10:37:13+00:00,2661516,C7,313329022001,CB,final_torque,2.82,2.7433534940718682,2.682184466019418,0.3166106686244901,2.7417892796651717,2.0,0.02,0.03181078609945434,2.7458060382183267,2.6185628938205094,0
2026-09-09 10:33:53+00:00,2661515,C7,313329022001,CB,final_torque,2.59,2.7417892796651717,2.682184466019418,0.3166106686244901,2.7448870200665016,2.0,0.02,0.03181038263898419,2.7458052312973864,2.6185637007414497,0
2026-09-09 10:33:14+00:00,2661513,C7,313329022001,CB,final_torque,2.75,2.7448870200665016,2.682184466019418,0.3166106686244901,2.7447826735372463,2.0,0.02,0.03180996253726311,2.7458043910939445,2.6185645409448917,0
2026-09-09 10:32:16+00:00,2661504,C7,313329022001,CB,final_torque,2.18,2.7447826735372463,2.682184466019418,0.3166106686244901,2.7563088505482103,2.0,0.02,0.03180952510766746,2.745803516234753,2.618565415804083,0
2026-09-09 10:25:21+00:00,2661495,C7,313329022001,CB,final_torque,2.56,2.7563088505482103,2.682184466019418,0.3166106686244901,2.7603151536206227,2.0,0.02,0.03180906963522362,2.745802605289865,2.618566326748971,1
2026-09-09 10:24:44+00:00,2661493,C7,313329022001,CB,final_torque,2.3,2.7603151536206227,2.682184466019418,0.3166106686244901,2.7697093404292072,2.0,0.02,0.031808595375435726,2.7458016567702894,2.6185672752685467,1
2026-09-09 10:23:05+00:00,2661492,C7,313329022001,CB,final_torque,2.58,2.7697093404292072,2.682184466019418,0.3166106686244901,2.77358095962164,2.0,0.02,0.03180810155306493,2.745800669125548,2.6185682629132883,1
2026-09-09 10:22:27+00:00,2661490,C7,313329022001,CB,final_torque,2.68,2.77358095962164,2.682184466019418,0.3166106686244901,2.7754907751241227,2.0,0.02,0.031807587360857946,2.745799640741134,2.6185692912977023,1
2026-09-09 10:21:40+00:00,2661481,C7,313329022001,CB,final_torque,2.64,2.7754907751241227,2.682184466019418,0.3166106686244901,2.7782558929837986,2.0,0.02,0.031807051958222816,2.7457985699358636,2.6185703621029726,1
2026-09-09 10:19:49+00:00,2661479,C7,313329022001,CB,final_torque,2.47,2.7782558929837986,2.682184466019418,0.3166106686244901,2.784546829575305,2.0,0.02,0.0318064944698498,2.7457974549591175,2.6185714770797186,1
2026-09-09 10:19:16+00:00,2661476,C7,313329022001,CB,final_torque,2.72,2.784546829575305,2.682184466019418,0.3166106686244901,2.7858641118115357,2.0,0.02,0.03180591398427502,2.745796293987968,2.618572638050868,1
2026-09-09 10:16:59+00:00,2661469,C7,313329022001,CB,final_torque,2.7,2.7858641118115357,2.682184466019418,0.3166106686244901,2.7876164406240163,2.0,0.02,0.031805309552384385,2.745795085124187,2.618573846914649,1
2026-09-09 10:16:26+00:00,2661467,C7,313329022001,CB,final_torque,2.65,2.7876164406240163,2.682184466019418,0.3166106686244901,2.7904249394122616,2.0,0.02,0.03180468018585546,2.745793826391129,2.6185751056477073,1
2026-09-09 10:13:39+00:00,2661464,C7,313329022001,CB,final_torque,2.78,2.7904249394122616,2.682184466019418,0.3166106686244901,2.790637693277818,2.0,0.02,0.03180402485553459,2.7457925157304874,2.6185764163083487,1
2026-09-09 10:12:49+00:00,2661461,C7,313329022001,CB,final_torque,2.84,2.790637693277818,2.682184466019418,0.3166106686244901,2.78963029926308,2.0,0.02,0.031803342489746575,2.7457911509989112,2.618577781039925,1
2026-09-09 10:11:35+00:00,2661456,C7,313329022001,CB,final_torque,3.11,2.78963029926308,2.682184466019418,0.3166106686244901,2.783092142105184,2.0,0.02,0.031802631972534086,2.7457897299644864,2.6185792020743497,1
2026-09-09 10:10:49+00:00,2661453,C7,313329022001,CB,final_torque,2.66,2.783092142105184,2.682184466019418,0.3166106686244901,2.785604226637943,2.0,0.02,0.03180189214182383,2.7457882503030655,2.6185806817357706,1
2026-09-09 10:08:56+00:00,2661450,C7,313329022001,CB,final_torque,3.61,2.785604226637943,2.682184466019418,0.3166106686244901,2.768779823099942,2.0,0.02,0.031801121787516526,2.745786709594451,2.618582222444385,1
2026-09-09 10:08:26+00:00,2661447,C7,313329022001,CB,final_torque,2.63,2.768779823099942,2.682184466019418,0.3166106686244901,2.771612064387696,2.0,0.02,0.03180031964949729,2.745785105318413,2.6185838267204233,1
2026-09-09 10:07:41+00:00,2661444,C7,313329022001,CB,final_torque,3.59,2.771612064387696,2.682184466019418,0.3166106686244901,2.754910269783363,2.0,0.02,0.03179948441556329,2.7457834348505448,2.6185854971882914,1
2026-09-09 10:07:07+00:00,2661438,C7,313329022001,CB,final_torque,2.35,2.754910269783363,2.682184466019418,0.3166106686244901,2.7631737446769007,2.0,0.02,0.031798614719265025,2.745781695457948,2.618587236580888,1
2026-09-09 10:02:48+00:00,2661436,C7,313329022001,CB,final_torque,3.11,2.7631737446769007,2.682184466019418,0.3166106686244901,2.7560956578335722,2.0,0.02,0.031797709137657726,2.7457798842947336,2.6185890477441025,1
2026-09-09 10:02:07+00:00,2661429,C7,313329022001,CB,final_torque,3.33,2.7560956578335722,2.682184466019418,0.3166106686244901,2.7443833243199713,2.0,0.02,0.03179676618895899,2.745777998397336,2.6185909336415003,1
2026-09-09 09:59:36+00:00,2661427,C7,313329022001,CB,final_torque,2.73,2.7443833243199713,2.682184466019418,0.3166106686244901,2.744676861550991,2.0,0.02,0.0317957843301088,2.745776034679636,2.6185928973592003,0
2026-09-09 09:59:10+00:00,2661426,C7,313329022001,CB,final_torque,2.63,2.744676861550991,2.682184466019418,0.3166106686244901,2.7470172056642768,2.0,0.02,0.031794761954227674,2.7457739899278732,2.618594942110963,0
2026-09-09 09:58:48+00:00,2661423,C7,313329022001,CB,final_torque,3.66,2.7470172056642768,2.682184466019418,0.3166106686244901,2.728384903739058,2.0,0.02,0.03179369738796881,2.745771860795356,2.6185970712434803,1
2026-09-09 09:54:42+00:00,2661420,C7,313329022001,CB,final_torque,2.58,2.728384903739058,2.682184466019418,0.3166106686244901,2.7314131670806714,2.0,0.02,0.03179258888875965,2.745769643796937,2.618599288241899,0
2026-09-09 09:54:01+00:00,2661418,C7,313329022001,CB,final_torque,2.92,2.7314131670806714,2.682184466019418,0.3166106686244901,2.727564456204767,2.0,0.02,0.03179143464192813,2.7457673353032743,2.618601596735562,0
2026-09-09 09:53:19+00:00,2661416,C7,313329022001,CB,final_torque,2.94,2.727564456204767,2.682184466019418,0.3166106686244901,2.7232290369436396,2.0,0.02,0.03179023275770886,2.745764931534836,2.6186040005040003,0
2026-09-09 09:52:16+00:00,2661412,C7,313329022001,CB,final_torque,2.83,2.7232290369436396,2.682184466019418,0.3166106686244901,2.7210500376975917,2.0,0.02,0.03178898126812413,2.7457624285556665,2.6186065034831696,0
2026-09-09 09:50:06+00:00,2661410,C7,313329022001,CB,final_torque,3.2,2.7210500376975917,2.682184466019418,0.3166106686244901,2.711275548671012,2.0,0.02,0.03178767812373427,2.7457598222668866,2.6186091097719495,0
2026-09-09 09:49:25+00:00,2661408,C7,313329022001,CB,final_torque,3.19,2.711275548671012,2.682184466019418,0.3166106686244901,2.7015056619091955,2.0,0.02,0.03178632119025205,2.745757108399922,2.618611823638914,0
2026-09-09 09:30:17+00:00,2661402,C7,313329022001,CB,final_torque,2.38,2.7015056619091955,2.682184466019418,0.3166106686244901,2.7080670019481587,2.0,0.02,0.03178490824501514,2.7457542825094485,2.6186146495293876,0
2026-09-09 09:28:44+00:00,2661401,C7,313329022001,CB,final_torque,2.94,2.7080670019481587,2.682184466019418,0.3166106686244901,2.7033336754573045,2.0,0.02,0.031783436973310715,2.7457513399660396,2.6186175920727965,0
2026-09-09 09:28:16+00:00,2661399,C7,313329022001,CB,final_torque,2.29,2.7033336754573045,2.682184466019418,0.3166106686244901,2.7117690565890866,2.0,0.02,0.031781904964545825,2.7457482759485097,2.6186206560903265,0
2026-09-09 09:26:02+00:00,2661386,C7,313329022001,CB,final_torque,2.63,2.7117690565890866,2.682184466019418,0.3166106686244901,2.713437812846007,2.0,0.02,0.031780309708256974,2.745745085435932,2.618623846602904,0
2026-09-09 09:20:44+00:00,2661379,C7,313329022001,CB,final_torque,3.25,2.713437812846007,2.682184466019418,0.3166106686244901,2.7024875641285786,2.0,0.02,0.031778648589952004,2.745741763199322,2.618627168839514,0
2026-09-09 09:20:19+00:00,2661377,C7,313329022001,CB,final_torque,2.46,2.7024875641285786,2.682184466019418,0.3166106686244901,2.7074362899271214,2.0,0.02,0.0317769188867772,2.7457383037929723,2.618630628245864,0
2026-09-09 09:18:52+00:00,2661375,C7,313329022001,CB,final_torque,2.56,2.7074362899271214,2.682184466019418,0.3166106686244901,2.710445193803185,2.0,0.02,0.03177511776300197,2.745734701545422,2.6186342304934143,0
2026-09-09 09:18:28+00:00,2661373,C7,313329022001,CB,final_torque,2.52,2.710445193803185,2.682184466019418,0.3166106686244901,2.714331830411413,2.0,0.02,0.03177324226531338,2.745730950550045,2.6186379814887912,0
2026-09-09 09:12:15+00:00,2661349,C7,313329022001,CB,final_torque,2.65,2.714331830411413,2.682184466019418,0.3166106686244901,2.7156447249096054,2.0,0.02,0.03177128931791231,2.7457270446552426,2.6186418873835935,0
2026-09-09 09:11:57+00:00,2661347,C7,313329022001,CB,final_torque,2.67,2.7156447249096054,2.682184466019418,0.3166106686244901,2.7165762499077606,2.0,0.02,0.031769255717402696,2.7457229774542236,2.6186459545846126,0
2026-09-09 09:11:19+00:00,2661343,C7,313329022001,CB,final_torque,2.4,2.7165762499077606,2.682184466019418,0.3166106686244901,2.7230369897017965,2.0,0.02,0.031767138127464976,2.745718742274348,2.6186501897644883,0
2026-09-09 09:08:00+00:00,2661339,C7,313329022001,CB,final_torque,3.13,2.7230369897017965,2.682184466019418,0.3166106686244901,2.71473162214469,2.0,0.02,0.031764933073304275,2.7457143321660267,2.6186545998728095,0
2026-09-09 09:07:09+00:00,2661326,C7,313329022001,CB,final_torque,2.66,2.71473162214469,2.682184466019418,0.3166106686244901,2.715848594025194,2.0,0.02,0.031762636935863696,2.7457097398911454,2.6186591921476907,0
2026-09-09 09:06:51+00:00,2661323,C7,313329022001,CB,final_torque,3.05,2.715848594025194,2.682184466019418,0.3166106686244901,2.709029177576729,2.0,0.02,0.03176024594579249,2.745704957911003,2.6186639741278332,0
2026-09-09 09:03:50+00:00,2661319,C7,313329022001,CB,final_torque,2.35,2.709029177576729,2.682184466019418,0.3166106686244901,2.7163563036497234,2.0,0.02,0.03175775617715836,2.7456999783737346,2.6186689536651016,0
2026-09-09 09:01:00+00:00,2661310,C7,313329022001,CB,final_torque,3.03,2.7163563036497234,2.682184466019418,0.3166106686244901,2.709955411887473,2.0,0.02,0.03175516354089288,2.7456947931012037,2.6186741389376325,0
2026-09-09 08:57:20+00:00,2661307,C7,313329022001,CB,final_torque,2.78,2.709955411887473,2.682184466019418,0.3166106686244901,2.708525930497421,2.0,0.02,0.03175246377795819,2.7456893935753346,2.6186795384635015,0
2026-09-09 08:56:59+00:00,2661305,C7,313329022001,CB,final_torque,2.62,2.708525930497421,2.682184466019418,0.3166106686244901,2.7103325821402255,2.0,0.02,0.031749652452223026,2.745683770923864,2.618685161114972,0
2026-09-09 08:56:24+00:00,2661304,C7,313329022001,CB,final_torque,2.38,2.7103325821402255,2.682184466019418,0.3166106686244901,2.7170740634083934,2.0,0.02,0.03174672494303497,2.745677915905488,2.618691016133348,0
2026-09-09 08:49:29+00:00,2661284,C7,313329022001,CB,final_torque,2.5,2.7170740634083934,2.682184466019418,0.3166106686244901,2.7215041463350955,2.0,0.02,0.031743676437475846,2.74567181889437,2.6186971131444663,0
2026-09-09 08:48:29+00:00,2661281,C7,313329022001,CB,final_torque,3.0,2.7215041463350955,2.682184466019418,0.3166106686244901,2.7158205574847916,2.0,0.02,0.031740501922286224,2.7456654698639906,2.6187034621748455,0
2026-09-09 08:47:08+00:00,2661277,C7,313329022001,CB,final_torque,2.77,2.7158205574847916,2.682184466019418,0.3166106686244901,2.714714854576318,2.0,0.02,0.03173719617544421,2.7456588583703065,2.6187100736685296,0
2026-09-09 08:45:29+00:00,2661272,C7,313329022001,CB,final_torque,3.17,2.714714854576318,2.682184466019418,0.3166106686244901,2.7054233209962426,2.0,0.02,0.031733753757383444,2.745651973534185,2.6187169585046512,0
2026-09-09 08:29:32+00:00,2661271,C7,313329022001,CB,final_torque,2.52,2.7054233209962426,2.682184466019418,0.3166106686244901,2.709207470404329,2.0,0.02,0.03173016900183409,2.7456448040230863,2.61872412801575,0
2026-09-09 08:25:57+00:00,2661264,C7,313329022001,CB,final_torque,3.22,2.709207470404329,2.682184466019418,0.3166106686244901,2.6987831330656418,2.0,0.02,0.03172643600627005,2.7456373380319583,2.618731594006878,0
2026-09-09 08:25:37+00:00,2661262,C7,313329022001,CB,final_torque,2.5,2.6987831330656418,2.682184466019418,0.3166106686244901,2.7028399316996348,2.0,0.02,0.03172254862194472,2.7456295632633076,2.6187393687755285,0
2026-09-09 08:24:17+00:00,2661260,C7,313329022001,CB,final_torque,2.86,2.7028399316996348,2.682184466019418,0.3166106686244901,2.6996325833669745,2.0,0.02,0.03171850044349701,2.745621466906412,2.618747465132424,0
2026-09-09 08:23:31+00:00,2661259,C7,313329022001,CB,final_torque,2.56,2.6996325833669745,2.682184466019418,0.3166106686244901,2.702482227925484,2.0,0.02,0.031714284798107915,2.745613035615634,2.618755896423202,0
2026-09-09 08:22:16+00:00,2661249,C7,313329022001,CB,final_torque,2.96,2.702482227925484,2.682184466019418,0.3166106686244901,2.6972267631892692,2.0,0.02,0.031709894734187775,2.7456042554877937,2.6187646765510424,0
2026-09-09 08:18:24+00:00,2661245,C7,313329022001,CB,final_torque,2.38,2.6972267631892692,2.682184466019418,0.3166106686244901,2.7037007787645604,2.0,0.02,0.0317053230095725,2.745595112038563,2.618773820000273,0
2026-09-09 08:17:57+00:00,2661240,C7,313329022001,CB,final_torque,2.75,2.7037007787645604,2.682184466019418,0.3166106686244901,2.702755896698531,2.0,0.02,0.031700562079206726,2.7455855901778317,2.6187833418610045,0
2026-09-09 08:16:41+00:00,2661227,C7,313329022001,CB,final_torque,2.66,2.702755896698531,2.682184466019418,0.3166106686244901,2.703628466018909,2.0,0.02,0.031695604082290274,2.7455756741839985,2.6187932578548376,0
2026-09-09 08:16:16+00:00,2661222,C7,313329022001,CB,final_torque,3.24,2.703628466018909,2.682184466019418,0.3166106686244901,2.6926821081825603,2.0,0.02,0.03169044082886343,2.745565347677145,2.6188035843616913,0
2026-09-09 08:12:20+00:00,2661217,C7,313329022001,CB,final_torque,2.82,2.6926821081825603,2.682184466019418,0.3166106686244901,2.6900837838597553,2.0,0.02,0.03168506378580501,2.745554593591028,2.618814338447808,0
2026-09-09 08:10:02+00:00,2661214,C7,313329022001,CB,final_torque,2.31,2.6900837838597553,2.682184466019418,0.3166106686244901,2.697840595775261,2.0,0.02,0.031679464062216334,2.7455433941438505,2.6188255378949856,0
2026-09-09 08:04:29+00:00,2661207,C7,313329022001,CB,final_torque,2.34,2.697840595775261,2.682184466019418,0.3166106686244901,2.7051434650767967,2.0,0.02,0.03167363239416222,2.7455317308077425,2.6188372012310936,0
2026-09-09 08:04:01+00:00,2661204,C7,313329022001,CB,final_torque,3.24,2.7051434650767967,2.682184466019418,0.3166106686244901,2.694228025588568,2.0,0.02,0.03166755912873935,2.745519584276897,2.6188493477619392,0
2026-09-09 08:01:46+00:00,2661198,C7,313329022001,CB,final_torque,2.53,2.694228025588568,2.682184466019418,0.3166106686244901,2.697579617947518,2.0,0.02,0.03166123420744024,2.7455069344342986,2.6188619976045375,0
2026-09-09 08:00:10+00:00,2661195,C7,313329022001,CB,final_torque,2.81,2.697579617947518,2.682184466019418,0.3166106686244901,2.695285324436243,2.0,0.02,0.031654647148779747,2.7454937603169776,2.6188751717218586,0
2026-09-09 07:56:22+00:00,2661186,C7,313329022001,CB,final_torque,2.41,2.695285324436243,2.682184466019418,0.3166106686244901,2.7011074739145338,2.0,0.02,0.03164778703014914,2.745480040079716,2.61888889195912,0
2026-09-09 07:54:31+00:00,2661184,C7,313329022001,CB,final_torque,2.38,2.7011074739145338,2.682184466019418,0.3166106686244901,2.7076606876678917,2.0,0.02,0.03164064246886103,2.7454657509571403,2.618903181081696,0
2026-09-09 07:54:10+00:00,2661181,C7,313329022001,CB,final_torque,3.1,2.7076606876678917,2.682184466019418,0.3166106686244901,2.6996537629264203,2.0,0.02,0.03163320160234647,2.745450869224111,2.6189180628147253,0
2026-09-09 07:48:03+00:00,2661168,C7,313329022001,CB,final_torque,2.85,2.6996537629264203,2.682184466019418,0.3166106686244901,2.6965854723738985,2.0,0.02,0.0316254520674634,2.745435370154345,2.618933561884491,0
2026-09-09 07:46:23+00:00,2661158,C7,313329022001,CB,final_torque,2.87,2.6965854723738985,2.682184466019418,0.3166106686244901,2.693046400381529,2.0,0.02,0.031617380978873476,2.745419227977165,2.618949704061671,0
2026-09-09 07:44:52+00:00,2661157,C7,313329022001,CB,final_torque,2.38,2.693046400381529,2.682184466019418,0.3166106686244901,2.6994351024301317,2.0,0.02,0.031608974906442,2.7454024158323023,2.618966516206534,0
2026-09-09 07:43:33+00:00,2661153,C7,313329022001,CB,final_torque,3.06,2.6994351024301317,2.682184466019418,0.3166106686244901,2.692076635132788,2.0,0.02,0.03160021985161314,2.7453849057226445,2.6189840263161916,0
2026-09-09 07:41:38+00:00,2661140,C7,313329022001,CB,final_torque,2.99,2.692076635132788,2.682184466019418,0.3166106686244901,2.6859965664620282,2.0,0.02,0.03159110122270987,2.745366668464838,2.6190022635739982,0
2026-09-09 07:40:09+00:00,2661138,C7,313329022001,CB,final_torque,2.81,2.6859965664620282,2.682184466019418,0.3166106686244901,2.6834658841449266,2.0,0.02,0.03158160380910559,2.7453476736376294,2.6190212584012067,0
2026-09-09 07:36:59+00:00,2661128,C7,313329022001,CB,final_torque,3.05,2.6834658841449266,2.682184466019418,0.3166106686244901,2.6759855960662517,2.0,0.02,0.03157171175421087,2.74532788952784,2.6190410425109962,0
2026-09-09 07:35:34+00:00,2661125,C7,313329022001,CB,final_torque,2.49,2.6759855960662517,2.682184466019418,0.3166106686244901,2.679781220475767,2.0,0.02,0.031561408527215985,2.74530728307385,2.619061648964986,0
2026-09-09 07:34:53+00:00,2661119,C7,313329022001,CB,final_torque,2.77,2.679781220475767,2.682184466019418,0.3166106686244901,2.6779400208936397,2.0,0.02,0.031550676893526315,2.7452858198064707,2.6190831122323655,0
2026-09-09 07:30:27+00:00,2661111,C7,313329022001,CB,final_torque,2.6,2.6779400208936397,2.682184466019418,0.3166106686244901,2.6795306335649385,2.0,0.02,0.031539498883823895,2.7452634637870656,2.6191054682517705,0
2026-09-09 07:30:03+00:00,2661110,C7,313329022001,CB,final_torque,3.06,2.6795306335649385,2.682184466019418,0.3166106686244901,2.6717659526172843,2.0,0.02,0.03152785576168481,2.7452401775427875,2.6191287544960486,0
2026-09-09 07:29:33+00:00,2661107,C7,313329022001,CB,final_torque,2.45,2.6717659526172843,2.682184466019418,0.3166106686244901,2.676291788384984,2.0,0.02,0.031515727989677625,2.7452159219987733,2.619153010040063,0
2026-09-09 07:24:41+00:00,2661096,C7,313329022001,CB,final_torque,2.72,2.676291788384984,2.682184466019418,0.3166106686244901,2.6753997840663097,2.0,0.02,0.03150309519386372,2.7451906564071455,2.6191782756316906,0
2026-09-09 07:23:00+00:00,2661093,C7,313329022001,CB,final_torque,2.69,2.6753997840663097,2.682184466019418,0.3166106686244901,2.6751018204758266,2.0,0.02,0.0314899361266156,2.7451643382726494,2.6192045937661868,0
2026-09-09 07:17:24+00:00,2661074,C7,313329022001,CB,final_torque,3.15,2.6751018204758266,2.682184466019418,0.3166106686244901,2.6654100208937006,2.0,0.02,0.03147622862766413,2.7451369232747465,2.6192320087640897,0
2026-09-09 07:13:42+00:00,2661056,C7,313329022001,CB,final_torque,2.72,2.6654100208937006,2.682184466019418,0.3166106686244901,2.6642959396874497,2.0,0.02,0.031461949583279886,2.745108365185978,2.619260566852858,0
2026-09-09 07:07:14+00:00,2661046,C7,313329022001,CB,final_torque,2.38,2.6642959396874497,2.682184466019418,0.3166106686244901,2.6700978976402547,2.0,0.02,0.031447074883488364,2.7450786157863947,2.6192903162524415,0
2026-09-09 07:06:51+00:00,2661045,C7,313329022001,CB,final_torque,2.24,2.6700978976402547,2.682184466019418,0.3166106686244901,2.678875405755362,2.0,0.02,0.031431579377211805,2.7450476247738416,2.6193213072649946,0
2026-09-09 07:04:05+00:00,2661044,C7,313329022001,CB,final_torque,3.09,2.678875405755362,2.682184466019418,0.3166106686244901,2.6704851079136347,2.0,0.02,0.03141543682522409,2.7450153396698664,2.6193535923689697,0
2026-09-09 07:03:34+00:00,2661042,C7,313329022001,CB,final_torque,2.61,2.6704851079136347,2.682184466019418,0.3166106686244901,2.671719497871056,2.0,0.02,0.0313986198507974,2.744981705721013,2.6193872263178233,0
2026-09-09 06:59:43+00:00,2661035,C7,313329022001,CB,final_torque,3.25,2.671719497871056,2.682184466019418,0.3166106686244901,2.659917854970465,2.0,0.02,0.031381099887911566,2.7449466657952413,2.619422266243595,0
2026-09-09 06:57:52+00:00,2661034,C7,313329022001,CB,final_torque,2.81,2.659917854970465,2.682184466019418,0.3166106686244901,2.656854954051495,2.0,0.02,0.0313628471268883,2.7449101602731947,2.6194587717656415,0
2026-09-09 06:57:34+00:00,2661032,C7,313329022001,CB,final_torque,2.44,2.656854954051495,2.682184466019418,0.3166106686244901,2.661280565358669,2.0,0.02,0.031343830457303386,2.744872126934025,2.619496805104811,0
2026-09-09 06:56:14+00:00,2661027,C7,313329022001,CB,final_torque,2.87,2.661280565358669,2.682184466019418,0.3166106686244901,2.6570209850598663,2.0,0.02,0.03132401740801979,2.7448325008354577,2.6195364312033784,0
2026-09-09 06:52:02+00:00,2661022,C7,313329022001,CB,final_torque,2.87,2.6570209850598663,2.682184466019418,0.3166106686244901,2.652674474550884,2.0,0.02,0.031303374084173656,2.7447912141877655,2.6195777178510706,0
2026-09-09 06:50:23+00:00,2661021,C7,313329022001,CB,final_torque,2.55,2.652674474550884,2.682184466019418,0.3166106686244901,2.654769871990698,2.0,0.02,0.031281865100933795,2.744748196221286,2.6196207358175503,0
2026-09-09 06:49:08+00:00,2661020,C7,313329022001,CB,final_torque,2.73,2.654769871990698,2.682184466019418,0.3166106686244901,2.653234563255814,2.0,0.02,0.03125945351384201,2.744703373047102,2.619665558991734,0
2026-09-09 06:47:22+00:00,2661017,C7,313329022001,CB,final_torque,2.27,2.653234563255814,2.682184466019418,0.3166106686244901,2.661055676791647,2.0,0.02,0.03123610074552822,2.7446566675104744,2.6197122645283617,0
2026-09-09 06:46:07+00:00,2661016,C7,313329022001,CB,final_torque,3.25,2.661055676791647,2.682184466019418,0.3166106686244901,2.649036404889436,2.0,0.02,0.031211766508579066,2.7446079990365764,2.6197609330022598,0
2026-09-09 06:43:50+00:00,2661015,C7,313329022001,CB,final_torque,2.58,2.649036404889436,2.682184466019418,0.3166106686244901,2.6504453111116693,2.0,0.02,0.031186408724322368,2.7445572834680627,2.6198116485707734,0
2026-09-09 06:42:50+00:00,2661013,C7,313329022001,CB,final_torque,3.13,2.6504453111116693,2.682184466019418,0.3166106686244901,2.640658480726193,2.0,0.02,0.03115998343727208,2.744504432893962,2.619864499144874,0
2026-09-09 06:39:30+00:00,2661006,C7,313329022001,CB,final_torque,2.79,2.640658480726193,2.682184466019418,0.3166106686244901,2.637610694618564,2.0,0.02,0.031132444724958803,2.7444493554693357,2.6199195765695005,0
2026-09-09 06:37:11+00:00,2661003,C7,313329022001,CB,final_torque,2.14,2.637610694618564,2.682184466019418,0.3166106686244901,2.6477660149169018,2.0,0.02,0.031103744602850016,2.744391955225118,2.619976976813718,0
2026-09-09 06:00:05+00:00,2660958,C7,313329022001,CB,final_torque,2.71,2.6477660149169018,2.682184466019418,0.3166106686244901,2.6464959335886755,2.0,0.02,0.031073832924040673,2.7443321318674996,2.6200368001713366,0
2026-09-09 05:58:57+00:00,2660957,C7,313329022001,CB,final_torque,2.67,2.6464959335886755,2.682184466019418,0.3166106686244901,2.6460162587639546,2.0,0.02,0.03104265727336973,2.7442697805661576,2.6200991514726786,0
2026-09-09 05:58:02+00:00,2660956,C7,313329022001,CB,final_torque,2.48,2.6460162587639546,2.682184466019418,0.3166106686244901,2.649404345677505,2.0,0.02,0.03101016285559031,2.7442047917305987,2.6201641403082374,0
2026-09-09 05:57:39+00:00,2660954,C7,313329022001,CB,final_torque,2.87,2.649404345677505,2.682184466019418,0.3166106686244901,2.644902393548475,2.0,0.02,0.03097629237719078,2.7441370507737997,2.6202318812650365,0
2026-09-09 05:56:34+00:00,2660945,C7,313329022001,CB,final_torque,2.79,2.644902393548475,2.682184466019418,0.3166106686244901,2.641941217906607,2.0,0.02,0.030940985921430485,2.744066437862279,2.620302494176557,0
2026-09-09 05:55:59+00:00,2660944,C7,313329022001,CB,final_torque,2.65,2.641941217906607,2.682184466019418,0.3166106686244901,2.6417767529659257,2.0,0.02,0.03090418081611718,2.7439928276516525,2.6203761043871836,0
2026-09-09 05:55:28+00:00,2660943,C7,313329022001,CB,final_torque,2.36,2.6417767529659257,2.682184466019418,0.3166106686244901,2.647527298944822,2.0,0.02,0.030865811493612675,2.7439160890066434,2.6204528430321927,0
2026-09-09 05:54:35+00:00,2660938,C7,313329022001,CB,final_torque,3.1,2.647527298944822,2.682184466019418,0.3166106686244901,2.638293162188594,2.0,0.02,0.0308258093425083,2.7438360847044345,2.6205328473344016,0
2026-09-09 05:47:52+00:00,2660932,C7,313329022001,CB,final_torque,2.79,2.638293162188594,2.682184466019418,0.3166106686244901,2.6351971042740754,2.0,0.02,0.030784102550362756,2.7437526711201436,2.6206162609186925,0
2026-09-09 05:45:02+00:00,2660920,C7,313329022001,CB,final_torque,2.75,2.6351971042740754,2.682184466019418,0.3166106686244901,2.632854188034771,2.0,0.02,0.030740615936839872,2.743665697893098,2.620703234145738,0
2026-09-09 05:43:37+00:00,2660917,C7,313329022001,CB,final_torque,2.72,2.632854188034771,2.682184466019418,0.3166106686244901,2.631075702076297,2.0,0.02,0.030695270776523557,2.743575007572465,2.620793924466371,0
2026-09-09 05:39:29+00:00,2660914,C7,313329022001,CB,final_torque,2.3,2.631075702076297,2.682184466019418,0.3166106686244901,2.6378323490574465,2.0,0.02,0.030647984610619954,2.743480435240658,2.620888496798178,0
2026-09-09 05:38:24+00:00,2660913,C7,313329022001,CB,final_torque,2.72,2.6378323490574465,2.682184466019418,0.3166106686244901,2.636155458221884,2.0,0.02,0.030598671046681934,2.743381808112782,2.6209871239260543,0
2026-09-09 05:37:39+00:00,2660910,C7,313329022001,CB,final_torque,2.91,2.636155458221884,2.682184466019418,0.3166106686244901,2.6305667941039634,2.0,0.02,0.030547239545408306,2.7432789451102346,2.6210899869286015,0
2026-09-09 05:35:57+00:00,2660895,C7,313329022001,CB,final_torque,2.26,2.6305667941039634,2.682184466019418,0.3166106686244901,2.638129381738738,2.0,0.02,0.03049359519347685,2.7431716564063717,2.6211972756324644,0
2026-09-09 05:33:59+00:00,2660892,C7,313329022001,CB,final_torque,2.78,2.638129381738738,2.682184466019418,0.3166106686244901,2.635234062998712,2.0,0.02,0.03043763846126714,2.7430597429419525,2.6213091890968836,0
2026-09-09 05:33:31+00:00,2660890,C7,313329022001,CB,final_torque,2.86,2.635234062998712,2.682184466019418,0.3166106686244901,2.6306470030599103,2.0,0.02,0.030379264944212798,2.7429429959078435,2.6214259361309926,0
2026-09-09 05:32:46+00:00,2660887,C7,313329022001,CB,final_torque,2.41,2.6306470030599103,2.682184466019418,0.3166106686244901,2.6351500031223574,2.0,0.02,0.03031836508639286,2.742821196192204,2.621547735846632,0
2026-09-09 05:28:31+00:00,2660862,C7,313329022001,CB,final_torque,2.76,2.6351500031223574,2.682184466019418,0.3166106686244901,2.6326020440024056,2.0,0.02,0.03025482388482569,2.7426941137890695,2.6216748182497667,0
2026-09-09 05:26:47+00:00,2660846,C7,313329022001,CB,final_torque,2.43,2.6326020440024056,2.682184466019418,0.3166106686244901,2.6367367795942913,2.0,0.02,0.030188520572764416,2.7425615071649467,2.6218074248738894,0
2026-09-09 05:26:26+00:00,2660844,C7,313329022001,CB,final_torque,2.52,2.6367367795942913,2.682184466019418,0.3166106686244901,2.6391191628513173,2.0,0.02,0.030119328280107074,2.7424231225796323,2.621945809459204,0
2026-09-09 05:23:24+00:00,2660842,C7,313329022001,CB,final_torque,2.7,2.6391191628513173,2.682184466019418,0.3166106686244901,2.6378766967870586,2.0,0.02,0.03004711366882482,2.7422786933570675,2.6220902386817686,0
2026-09-09 05:22:33+00:00,2660839,C7,313329022001,CB,final_torque,2.72,2.6378766967870586,2.682184466019418,0.3166106686244901,2.6362007110072025,2.0,0.02,0.0299717365410736,2.7421279391015654,2.6222409929372708,0
2026-09-09 05:21:55+00:00,2660818,C7,313329022001,CB,final_torque,2.57,2.6362007110072025,2.682184466019418,0.3166106686244901,2.637551745925717,2.0,0.02,0.029893049417384777,2.7419705648541877,2.6223983671846485,0
2026-09-09 05:21:29+00:00,2660816,C7,313329022001,CB,final_torque,2.36,2.637551745925717,2.682184466019418,0.3166106686244901,2.6432160672711396,2.0,0.02,0.029810897082022423,2.7418062601834627,2.6225626718553734,0
2026-09-09 05:16:16+00:00,2660801,C7,313329022001,CB,final_torque,2.22,2.6432160672711396,2.682184466019418,0.3166106686244901,2.6518531298685097,2.0,0.02,0.02972511609224448,2.741634698203907,2.622734233834929,0
2026-09-09 05:15:29+00:00,2660799,C7,313329022001,CB,final_torque,2.87,2.6518531298685097,2.682184466019418,0.3166106686244901,2.647401152927051,2.0,0.02,0.029635534247803276,2.7414555345150244,2.6229133975238117,0
2026-09-09 05:15:03+00:00,2660797,C7,313329022001,CB,final_torque,2.17,2.647401152927051,2.682184466019418,0.3166106686244901,2.6571440335990313,2.0,0.02,0.02954197001656073,2.7412684060525394,2.6231005259862967,0
2026-09-09 05:14:47+00:00,2660795,C7,313329022001,CB,final_torque,2.51,2.6571440335990313,2.682184466019418,0.3166106686244901,2.660146973060236,2.0,0.02,0.029444231911564082,2.741072929842546,2.62329600219629,0
2026-09-09 05:14:37+00:00,2660792,C7,313329022001,CB,final_torque,2.14,2.660146973060236,2.682184466019418,0.3166106686244901,2.670762217408404,2.0,0.02,0.02934211781431717,2.7408687016480524,2.6235002303907837,0
2026-09-09 05:14:02+00:00,2660790,C7,313329022001,CB,final_torque,2.74,2.670762217408404,2.682184466019418,0.3166106686244901,2.669349201437147,2.0,0.02,0.02923541423827617,2.7406552944959706,2.6237136375428656,0
2026-09-09 05:13:35+00:00,2660789,C7,313329022001,CB,final_torque,2.85,2.669349201437147,2.682184466019418,0.3166106686244901,2.665662450446068,2.0,0.02,0.02912389552577888,2.740432257070976,2.6239366749678603,0
2026-09-09 05:13:05+00:00,2660787,C7,313329022001,CB,final_torque,2.82,2.665662450446068,2.682184466019418,0.3166106686244901,2.6625127045368044,2.0,0.02,0.029007322970662917,2.740199111960744,2.6241698200780923,0
2026-09-09 05:12:21+00:00,2660784,C7,313329022001,CB,final_torque,2.63,2.6625127045368044,2.682184466019418,0.3166106686244901,2.6631762291191885,2.0,0.02,0.028885443857714098,2.7399553537348464,2.6244135783039897,0
2026-09-09 05:12:09+00:00,2660777,C7,313329022001,CB,final_torque,2.74,2.6631762291191885,2.682184466019418,0.3166106686244901,2.6616083970603963,2.0,0.02,0.02875799040878092,2.73970044683698,2.6246684852018562,0
2026-09-09 05:11:54+00:00,2660774,C7,313329022001,CB,final_torque,2.43,2.6616083970603963,2.682184466019418,0.3166106686244901,2.6663350990412207,2.0,0.02,0.028624678623855853,2.7394338232671296,2.6249351087717065,0
2026-09-09 05:11:45+00:00,2660772,C7,313329022001,CB,final_torque,2.43,2.6663350990412207,2.682184466019418,0.3166106686244901,2.6711582643277763,2.0,0.02,0.028485207003611904,2.739154880026642,2.6252140520121943,0
2026-09-09 05:11:36+00:00,2660770,C7,313329022001,CB,final_torque,2.47,2.6711582643277763,2.682184466019418,0.3166106686244901,2.675263535028343,2.0,0.02,0.028339255137735067,2.738862976294888,2.625505955743948,0
2026-09-09 05:11:27+00:00,2660768,C7,313329022001,CB,final_torque,2.33,2.675263535028343,2.682184466019418,0.3166106686244901,2.682309729620758,2.0,0.02,0.028186482140837372,2.7385574303010927,2.6258115017377435,0
2026-09-09 05:11:08+00:00,2660767,C7,313329022001,CB,final_torque,2.39,2.682309729620758,2.682184466019418,0.3166106686244901,2.688275234306896,2.0,0.02,0.02802652491468068,2.7382375158487795,2.6261314161900566,0
2026-09-09 05:10:38+00:00,2660764,C7,313329022001,CB,final_torque,2.33,2.688275234306896,2.682184466019418,0.3166106686244901,2.695586973782547,2.0,0.02,0.02785899621177352,2.737902458442965,2.626466473595871,0
2026-09-09 04:35:30+00:00,2660680,C7,313329022001,CB,final_torque,2.02,2.695586973782547,2.682184466019418,0.3166106686244901,2.7093744630434156,2.0,0.02,0.027683482470979428,2.737551430961377,2.626817501077459,0
2026-09-09 04:34:55+00:00,2660679,C7,313329022001,CB,final_torque,2.7,2.7093744630434156,2.682184466019418,0.3166106686244901,2.7095657786157306,2.0,0.02,0.027499541390411057,2.7371835488002403,2.627185383238596,0
2026-09-09 04:34:07+00:00,2660678,C7,313329022001,CB,final_torque,2.29,2.7095657786157306,2.682184466019418,0.3166106686244901,2.7181283455262557,2.0,0.02,0.0273066991963471,2.7367978644121123,2.627571067626724,0
2026-09-09 04:33:32+00:00,2660676,C7,313329022001,CB,final_torque,3.14,2.7181283455262557,2.682184466019418,0.3166106686244901,2.7095187199247506,2.0,0.02,0.027104447558896575,2.7363933611372113,2.627975570901625,0
2026-09-09 04:31:39+00:00,2660669,C7,313329022001,CB,final_torque,2.71,2.7095187199247506,2.682184466019418,0.3166106686244901,2.7095088978823987,2.0,0.02,0.02689224009525679,2.7359689462099315,2.6283999858289047,0
2026-09-09 04:29:59+00:00,2660668,C7,313329022001,CB,final_torque,2.22,2.7095088978823987,2.682184466019418,0.3166106686244901,2.7194988753902027,2.0,0.02,0.026669488389157343,2.735523442797733,2.6288454892411033,0
2026-09-09 04:28:15+00:00,2660667,C7,313329022001,CB,final_torque,2.59,2.7194988753902027,2.682184466019418,0.3166106686244901,2.7221417095818397,2.0,0.02,0.026435557439779364,2.735055580898977,2.629313351139859,0
2026-09-09 04:27:41+00:00,2660665,C7,313329022001,CB,final_torque,2.77,2.7221417095818397,2.682184466019418,0.3166106686244901,2.7211650097773874,2.0,0.02,0.026189760434194805,2.7345639868878076,2.6298049451510286,0
2026-09-09 04:25:59+00:00,2660646,C7,313329022001,CB,final_torque,2.27,2.7211650097773874,2.682184466019418,0.3166106686244901,2.730372458956518,2.0,0.02,0.025931352712987847,2.7340471714453938,2.6303217605934424,0
2026-09-09 04:22:05+00:00,2660631,C7,313329022001,CB,final_torque,2.06,2.730372458956518,2.682184466019418,0.3166106686244901,2.7440535295474677,2.0,0.02,0.0256595247675799,2.733503515554578,2.630865416484258,0
2026-09-09 04:19:39+00:00,2660629,C7,313329022001,CB,final_torque,2.7,2.7440535295474677,2.682184466019418,0.3166106686244901,2.7449525811708857,2.0,0.02,0.025373394067669214,2.7329312541547566,2.6314376778840796,1
2026-09-09 04:18:51+00:00,2660627,C7,313329022001,CB,final_torque,2.68,2.7449525811708857,2.682184466019418,0.3166106686244901,2.7462781440519244,2.0,0.02,0.025071995465057156,2.7323284569495323,2.632040475089304,1
2026-09-09 04:15:36+00:00,2660616,C7,313329022001,CB,final_torque,2.71,2.7462781440519244,2.682184466019418,0.3166106686244901,2.7470185143386985,2.0,0.02,0.024754269851691577,2.7316930057228013,2.632675926316035,1
2026-09-09 04:15:04+00:00,2660613,C7,313329022001,CB,final_torque,2.22,2.7470185143386985,2.682184466019418,0.3166106686244901,2.757773994223162,2.0,0.02,0.024419050658962837,2.7310225673373436,2.6333463647014925,1
2026-09-09 04:12:41+00:00,2660610,C7,313329022001,CB,final_torque,2.78,2.757773994223162,2.682184466019418,0.3166106686244901,2.7573204022685323,2.0,0.02,0.02406504766345609,2.73031456134633,2.634054370692506,1
2026-09-09 04:11:35+00:00,2660592,C7,313329022001,CB,final_torque,2.34,2.7573204022685323,2.682184466019418,0.3166106686244901,2.7658371451719717,2.0,0.02,0.023690827398852643,2.7295661208171236,2.6348028112217126,1
2026-09-09 04:10:22+00:00,2660589,C7,313329022001,CB,final_torque,2.89,2.7658371451719717,2.682184466019418,0.3166106686244901,2.763303209359155,2.0,0.02,0.023294789245779803,2.7287740445109776,2.6355948875278585,1
2026-09-09 04:09:06+00:00,2660584,C7,313329022001,CB,final_torque,3.24,2.763303209359155,2.682184466019418,0.3166106686244901,2.7535747034277094,2.0,0.02,0.022875135952979707,2.7279347379253776,2.6364341941134586,1
2026-09-09 04:06:53+00:00,2660569,C7,313329022001,CB,final_torque,2.51,2.7535747034277094,2.682184466019418,0.3166106686244901,2.7585456157425607,2.0,0.02,0.022429836891018413,2.727044139801455,2.637324792237381,1
2026-09-09 04:06:32+00:00,2660567,C7,313329022001,CB,final_torque,2.21,2.7585456157425607,2.682184466019418,0.3166106686244901,2.769740424227103,2.0,0.02,0.021956581686251038,2.72609762939192,2.638271302646916,1
2026-09-09 04:05:15+00:00,2660565,C7,313329022001,CB,final_torque,3.05,2.769740424227103,2.682184466019418,0.3166106686244901,2.7640208410480644,2.0,0.02,0.021452720919509245,2.7250899078584365,2.6392790241803996,1
2026-09-09 03:15:58+00:00,2660451,C7,313329022001,CB,final_torque,2.62,2.7640208410480644,2.682184466019418,0.3166106686244901,2.7669600418857803,2.0,0.02,0.02091518912281001,2.7240148442650383,2.640354087773798,1
2026-09-09 03:14:19+00:00,2660450,C7,313329022001,CB,final_torque,2.17,2.7669600418857803,2.682184466019418,0.3166106686244901,2.7791428998834493,2.0,0.02,0.02034040306696156,2.7228652721533413,2.641503659885495,1
2026-09-09 03:11:41+00:00,2660443,C7,313329022001,CB,final_torque,2.69,2.7791428998834493,2.682184466019418,0.3166106686244901,2.780962142738214,2.0,0.02,0.019724124777066365,2.7216327155735507,2.6427362164652854,1
2026-09-09 03:10:59+00:00,2660442,C7,313329022001,CB,final_torque,2.1,2.780962142738214,2.682184466019418,0.3166106686244901,2.794859329324708,2.0,0.02,0.019061272888833823,2.7203070117970856,2.6440619202417506,1
2026-09-09 03:10:24+00:00,2660441,C7,313329022001,CB,final_torque,2.38,2.794859329324708,2.682184466019418,0.3166106686244901,2.8033258462497024,2.0,0.02,0.01834565606818432,2.7188757781557866,2.6454931538830495,1
2026-09-09 03:07:55+00:00,2660439,C7,313329022001,CB,final_torque,3.0,2.8033258462497024,2.682184466019418,0.3166106686244901,2.7993120880099003,2.0,0.02,0.017569584699570404,2.717323635418559,2.647045296620277,1
2026-09-09 03:06:46+00:00,2660437,C7,313329022001,CB,final_torque,2.27,2.7993120880099003,2.682184466019418,0.3166106686244901,2.8101143755203064,2.0,0.02,0.01672328444812385,2.7156310349156656,2.6487378971231705,1
2026-09-09 03:05:40+00:00,2660436,C7,313329022001,CB,final_torque,2.84,2.8101143755203064,2.682184466019418,0.3166106686244901,2.8095044648166394,2.0,0.02,0.015793970920205035,2.713772407859828,2.650596524179008,1
2026-09-09 03:04:52+00:00,2660435,C7,313329022001,CB,final_torque,2.53,2.8095044648166394,2.682184466019418,0.3166106686244901,2.8152086375679994,2.0,0.02,0.014764307937485956,2.71171308189439,2.652655850144446,1
2026-09-09 03:04:14+00:00,2660434,C7,313329022001,CB,final_torque,2.9,2.8152086375679994,2.682184466019418,0.3166106686244901,2.8134782015999997,2.0,0.02,0.013609653957372056,2.709403773934162,2.654965158104674,1
2026-09-09 03:03:39+00:00,2660433,C7,313329022001,CB,final_torque,2.23,2.8134782015999997,2.682184466019418,0.3166106686244901,2.82538592,2.0,0.02,0.012292668494421304,2.7067698030082608,2.6575991290305754,1
2026-09-09 03:02:17+00:00,2660428,C7,313329022001,CB,final_torque,2.8,2.82538592,2.682184466019418,0.3166106686244901,2.825904,2.0,0.02,0.010751285604431811,2.7036870372282817,2.6606818948105544,1
2026-09-09 03:01:19+00:00,2660427,C7,313329022001,CB,final_torque,2.39,2.825904,2.682184466019418,0.3166106686244901,2.8348,2.0,0.02,0.008866003277247637,2.6999164725739133,2.664452459464923,1
2026-09-09 03:00:01+00:00,2660426,C7,313329022001,CB,final_torque,2.58,2.8348,2.682184466019418,0.3166106686244901,2.682184466019418,2.0,0.02,0.006332213372489809,2.694848892764398,2.6695200392744383,1
