name,height
Arun,158
Bala,162
Charan,165
Deepak,167
Elango,170
Farhan,171
Gokul,169
Hari,173
Irfan,166
Jagan,172
Karthik,168
Lokesh,175
Manoj,164
Naveen,171
Omkar,169
Prakash,160
Rahul,174
Sanjay,167
Tarun,172
Uday,170
Varun,163
Vignesh,168
Vijay,171
Yash,176
Abhishek,165
Ajay,169
Akash,173
Ashwin,170
Bharath,167
Dinesh,174
Ganesh,171
Gautham,166
Harish,168
Jeeva,172
Kavin,169
Madhan,175
Mohan,164
Nithin,170
Pranav,173
Rakesh,168
Ravi,167
Rohit,171
Sathish,174
Siva,169
Surya,165
Vasanth,172
Vimal,170
Vishal,166
Yogesh,173
Adithya,168
Aakash,170
Anand,169
Aravind,171
Dhanush,164
Girish,176
Jai,167
Kishore,172
Mani,168
Mithun,174
Nikhil,170
Pavan,165
Raj,173
Ranjith,169
Sandeep,171
Sharan,167
Shiva,175
Sriram,170
Tharun,168
Vijayakumar,172
Yuvan,166
Akhil,174
Bobby,169
Chandru,171
Dilip,173
Eswar,165
Franklin,170
Gokulraj,168
Hemanth,176
Imran,167
Jothi,172
Kamal,169
Kannan,174
Lalith,166
Magesh,171
Muralidhar,170
Naveenraj,168
Pradeep,173
Raghu,165
Saran,172
Senthil,169
Arjun,171
Balaji,167
Dharan,175
Gowtham,170
Jeevan,168
Karthi,174
Madhanraj,166
Praveen,172
Rithik,169
Sanjith,171
